67055,testyopmail
67060,testyopmail2
19737,Amealia
2429,zuien.adn
46301,A_circleQi
49388,arecafevn
45535,duy
28487,halephuongthao
66535,athac12
9365,nhannguyen
16283,Thuytienlunglinh
15072,PercyJ
62129,troglodyte
10219,anhnhan31
20682,Halephuongthao96
14595,6septsg
64166,whatevermn1997
15749,Summer_melody
36328,longkhtc
57464,ooanhkieu
13346,P H A N
19165,tuantrece
22975,janienguyen
24844,ngoctranvt510
28902,Alittleying
30006,tuanpa
36626,namaman
36666,Susu_VN
32401,ngophuonglinh0826
44706,alittlething_01
15474,hoanghatt89
13223,thanhdo
38675,normalguy
33122,maysaytoc124
26589,south_plus
16773,phuquang2901
11166,longnnb
32191,Danh1212
22186,lehongvan105
61272,pkaboo020204
57985,sugaralpaca9293
53897,PhongRoma
55791,patricklam2799
67732,kien4767
4043,hatrunghai97
10099,lamdiemem
14251,hawking
32384,a_mage_without_magic
32500,TristanNguyen
35885,Susu11001
27383,mackeno
57006,runefraction
66133,Ahimalu
67002,RiHansaii
6711,asdwzx01
13070,mintofameet
16528,Beauty
16935,Nguyenthungan
20598,Phuclv
23711,thomap002
24625,thu66108
28050,quanghaswontheg
29204,LDNguyen
19226,123kjbo
36053,Mai_Dang01
38124,pony_pony
40083,ahappyintrovert101
19781,Nheyishere
54505,meongoan
46030,khoi2505
56548,tieuholygumi
59243,ledankhue
60996,ANamchikchik
11124,withoutaname
5829,NikeTran
23710,Aviamata
32604,hamintrip
40314,anhkhoa801
29109,Mrmquiz2008
27438,quachhaian
26017,ThanhHaAn
30727,elleryhydrangea
41156,concamap
44702,bichphuong_0511
46317,vietcong
46976,neilann
23109,HenryHoe
54816,callitaday18
57100,dntm308
57899,Acrazymind
65032,dungbossmmo
64781,MyLittleWorld_of_Youth
67467,Toanajsc
27417,ChimpWithAMachineGun
61793,cungne1903
7469,giahan34
58483,18yrs_oldie
27812,Aleafinthewind
29061,SlashBack
49747,nicktran171199
53812,mhdquan
38077,longthit199
66094,nguyenthicatlinh
36807,dangduyanhwork
15227,Earsinabowl
55399,podcast
12156,leonardo
15153,phuonglinh5757
18237,changcan82
33539,tuan2666
65445,cabaloi1998
9070,hieunc
57371,Nguyencatlinh1999
27161,hungcongduong
63871,hoangxuanhaudc
12016,dqvong95
15284,quangdv096
30335,hiimmatt2091
39710,congthanh791
58740,celiz_2003
14622,0981526433
11684,tk532132
60361,strongworld115
13680,C%C3%BAceuro 
21446,duydung
43597,phantasmlance
6994,Rosieinthegardn
21423,honest_sammy
53929,htuan687
31024,hungrykat
57304,Jiutry
8358,anhdt588
42763,endlessktc
26860,Valexdarci
32071,songuyento259
45319,dailuu17092
49248,no1dung222
66703,DUCTHIEN
26845,HaileyDee
25315,dragonf43
26456,ntd2k0
50066,Stakadup
4335,Timquen
49729,immortalengineer
65168,begentle
33168,ducthanh69
34072,luanvai002
7547,yolo_qn123
11367,dieuhien88
15144,vuanh98
25189,prohepho
54097,GoddyKaishiro
7168,ClownD
61524,daylaconnhen
63030,phantomgirl01
10498,leodshanks
17702,STR112
14296,defouri
34131,nguyendanhduc1903
35352,NgDMau
48327,trinhdinhphuong
50087,tranducphuhp9x
66859,Pa0teo
22689,Gantz149
23929,nguyenduythanh
37640,duykhanh
38565,thinhdbui
43203,mediumvn
57864,fdhien
60898,voinhoqw123
53209,tomson0369
20021,DThuc21
38165,nitakiDspider
39125,mommapmap
34759,Longdhoang
36677,luudtanh
12426,drkain
58334,Bettergui
57113,elliephuong
49062,winter.10pm
26775,ahaehe0123
6406,hnkhuy
13581,lanikeva
46406,hongsondo
42549,LybaoT
21190,dshongphuc
8730,chemist9595
43965,vinh1546
55002,hoanghai123123
37694,huypham30199
31213,wellington15
51531,Deptraioaihung
50187,trần thế huy
64306,thismustbenghi
14621,hoangviet183
21759,nhngtr
22843,sonsontrangtrang
12648,manh1082003123
39254,mitheculkid
35191,legund
24002,nixian_arixes
57104,thuan2712rs
18272,hqandthedh
38647,sabeos
32478,namnhfreelancer
44056,hanhhong6597
31278,Sleepless
49639,chihgkim
56830,hieuthienton
64911,dhoangngocanh
27120,lhha209
6805,KhuyenNH
28779,OanhLe
12511,Hexpion
39891,mhnguyen
55472,luckyluke91020
48283,haiha87
51613,Merry_Nguyen_Hoang
68056,hai25012001
60329,Hungle123
56421,Vokieutrinh
36524,ngocbui5299ftu
18957,HoeTit
46236,JuliaRose
27215,hathithuphuongtb65
19838,NguyenHanh31012001
67652,Khanhduy2000
16053,tennguoidungdasudung
45458,i m
33279,jeremybvb
51188,ngthenhthao
10658,cuno2712
15138,levuminhhuy
17528,minhkhonvail
17793,fussballmitt
25349,xouxouhi
20459,spiderman3546
24431,KanChi
46668,vobao
56557,Long20nd
61336,PhuongChi29998
54934,phamthinguyenthuong
13246,346711
22503,ginta277
32563,tai19052003
63000,Gnbgnbgnb
6935,tntt16t
24461,nsx2912
2420,tomlomcom
31359,Whereverimayroam29
6235,lyt5122@gmail.com
28832,sumer841997
62007,stupidcat2001
61189,kevin1
58785,trippyflip
54565,haphannghialoi
39639,avocadothien
20204,FKnight
31583,nhungocnguyenn
5917,airmap
51030,wgkaiii
57273,lotuslelien
57960,tonyphuoctb94
35189,mlblinh
27010,tulmtran
38457,HoangLong2906
41476,nguyenvinhvinh
17562,Hueluu
9669,ltmm1710
55365,markmansonvietnam
60730,mvatoi
61428,kuroshiro223
63995,sun_kelly
54680,miusic
55203,mossrum
8390,iamliltee
36482,cuongmphm
25527,tranthuvan
39224,MichaelLe
15209,Hoanguv
19942,mypureheart4u
30046,mqcase1004
61948,bluegem31
63781,TIENTIEN
47713,MdeT2512001
3106,rainbow3051993
30657,iboboiboy1230
36699,Mnqunhnhx
11653,Sagittariusvndn
30008,alicenguyen
41691,shine_n
23358,NhungLee
57293,thanhtruc204hd
30917,rio611
31880,toddler
32112,Nphuong__
30327,nguyentruong
60305,dohainam11
53200,halinhlc99
56547,tuanhng19
30079,urmgem
32291,MAINGOCHUNG
29900,Dahi1504
44967,flyndance
63676,nguyenb0o
27244,kimmaosuvuong
57392,Leuyenlinh1210
42045,nstung
42520,monikim
11917,punkrocker178
17831,hoang011121
19945,quoravn
12189,ngocanh0504
38761,socolavn95
34891,phanhoa9922
31350,thaonphuong
32503,sonncao
43532,Tuananhnguyen3100
39169,Tranphusy2001
48157,otohoanglong
60336,DECADE123
28669,trantrongkhanh610
13402,Cao Hoài Thiếu
21126,vtduong24
38216,hamylethi2706
45036,nobodyvn
27116,Charlious
28916,dothuhang210198
10321,chickenls
12432,baooanhluu
33170,Khanhocb
35287,osebank2
42612,nguyethaphongngam
63882,beocotontai
64503,Luugiatrung
17679,tuhocdohoaonha
38980,chuyencuadylan
12531,ducphongg
31366,hieu6995
51153,phncahg
40247,phanlinhkhuong
63397,phamtandat987654321
7891,passenger24h
25731,ThangP
35810,phamhien2110
66520,arielpham
65065,Pandybrh2004
23385,tanprovjp123
40059,phuquang
46856,lpthanhuyen
65139,phglinh
18801,caovuhanhnguyen
30574,Schbwoeb
9477,claire.tran20
45000,Thuythuy
46720,wanderlust2203
56291,phuongphuongnguyen303
30044,jenaslan
62097,baby22
11755,nxqbiotech
54860,Qmadsen
67907,zayknight
26074,DaoQTien
38427,sonbigq
39479,baoqdau
44276,quan020202
23087,phuongqtran
21067,Newbielapro
24136,ngoqdao
27572,moealmighty
64659,notkhan9
10294,pauldoumer
27117,conguyen38
40050,tyrion
62759,basinvipproo
64381,quangtung27
13603,Vuong Q
17998,tinhmap747
44865,hhoangtunganh
59884,manchee_t
61318,tlunar
16113,HieuT76
62689,tnd20056
64889,thuyninh911
66295,nhingoctran
17791,fussballwitht
48070,thejupiter
26846,jade17
64688,nngoctai97
34680,hocgilamgi
36905,sa0cugdc
34248,tanbienhoa2305
60904,trieulong01
32008,silvercrow
27846,tinhtam
18619,meryghost
21026,regis202
26696,lytabong
23022,thtr994
31708,tu29102002
47493,JackLe93
47459,Hangnguyen233
56102,Tikiliaa
56619,linhtrang75
56880,thanhtu555
30697,frzzie
48649,Chanhyn
34931,smartkeyhondaminht
39305,ZhumZhum
45564,htrgxtae
67452,tali777
8088,graktung
18653,tuongvanle
22818,tientrung866
23278,cbcr92
24087,IamHaHaRiRi
36033,thecattrelax1301
33994,beanohara
30087,Rose1997
40756,dungngt2019
57898,tungvu37
7806,Fez007
12438,dfdfdfd
17501,actuallynhat
20219,notyourcupoftea
22109,jinz2412
24810,midsummer
25058,phamthanhtri
29685,Minhthu_ngl
34884,tungnx23
39707,mmistymind
53779,abczzz
44261,teuchan
10608,quannguyen201294
35575,Phong36
22451,pokemon4127
29666,htrangvn
30526,crazyhieudo
40407,Moj982
59552,kytkqn02
63713,Phamthichi
60209,Tindinh120406
42607,quoctung
64080,nhokbankhoai
9130,---V---
12416,vivihatesyou
22085,triplev
55191,vailozbaconsoi
19787,Circle0
43348,lazy000
46209,anthonyv
65066,Viethd98
45350,happyvinh
57180,viennguyen2005
11905,duc_van01
54947,Sarahbee
55512,binhcaz
66272,Sakudola_114
28659,vuthanh952000
42874,Raumeo
56756,thaimeogttn2004
13141,V%C5%A9 Th%E1%BA%AFng 
52680,như ý
38506,doanthaiminhy562006
46907,ynhan168
23892,BINHBUNGBIA123
41641,cuongnguyentlu
16880,Dong_Y
11689,ylinh_maktub
18254,Dong_Y99
23628,yhoang79
6508,spiexid192
7567,nguyenychang
13466,ngvphucqb
44117,minhy
46647,namhoangto
66217,ydamk19
16800,khang289
22613,Amorvincitomnia
41774,ttnhuy1208
12330,tsunavip
41035,nhucatytuong
41725,Yuki_no_hana
26141,phuocyslearningcurve
30964,Alva0506
31546,Nhi20155
31970,Bem1112
50252,lanhaty2004
58427,Sciman2010
2553,youngkhong
7060,leoyll
25132,ThanhY
26337,Hailey137
40137,kienthucykhoa
38212,Noname0835
9632,ythanhta2003
9740,nhuyle89
30649,Ntyn1712
35333,Mayvan
22266,Levomyy1905
39172,tranhyblue
59143,phannhuy
62966,ylinh2020
12928,ynguyenluongnha
34441,Nhuydinh
41891,Bosssssss
45198,Dnyanh
46729,Cheryl
62787,mayvan601
58454,glamsol
64589,hadoanythien
64867,dunguyen2301
19216,caodangyduocsaigon
64308,drlena
35552,PhongKhamDaKhoaYTam
61772,0382417652
9131,Y Ninh
6670,prince
30803,movierwc
17834,khaiconthuy
67505,thang2001
15299,HuuHuy
62118,ducduyando
61464,Pandybrh
13888,hard_cva
62471,saiturbo123
43263,ngochuan9901
39397,nmtri012019
13247,374611
36714,Trungha
55246,toi3tuoi
7654,skdrum.gt
38042,walkerlife
33130,thanhhale
66532,historia131
8023,lienseven.3
6199,strange.daniel.3
68947,Poorfarmer0011
68350,nguyentuan0603
44939,hoangvip49
68001,Oanhtran
13680,C%C3%BAceuro 
69619,thanhtudao5
69811,hoangzung96
69752,khanhlinhzo2212
69552,tranhoanghiep
68487,baotrivan247
69202,iamdec12
69488,toanpd17
69563,Wawaka123
65094,heyaiamsam
68552,nhathoangtran
69113,lananhor_ie2603
68962,Vankv68
13141,V%C5%A9 Th%E1%BA%AFng