40161,Chuot-thau-cam-uzl,47,6,true,2020-11-02T18:30:48.242Z
36385,Vi-sao-vi-sao-s2p,93,9,true,2020-10-20T14:33:26.451Z
34355,Nang-tho-qib,184,22,true,2020-08-13T18:20:08.155Z
33003,Chieu-hoang-hon-buong-doesnt-fine-pgr,163,16,true,2020-06-26T16:22:29.800Z
32164,SpaceX-va-chuyen-bay-lich-su-otg,62,5,true,2020-05-30T10:15:59.322Z
31643,Hoai-niem-oez,81,1,true,2020-05-15T08:47:08.075Z
30856,O-lan-cuoi-den-quan-ca-phe-do-nt4,100,17,true,2020-04-24T19:53:38.399Z
29023,Cac-giai-doan-cua-Covid-19-va-giai-phap-cua-chung-ta-me7,47,1,true,2020-03-19T11:27:36.517Z
28639,Lam-the-nao-de-lay-vo-m3j,547,98,true,2020-03-11T08:10:00.883Z
28376,Phu-thuy-thoi-gian-lw8,69,8,true,2020-03-03T17:29:24.092Z
28238,Cai-Chet-Den-Dai-dich-lon-nhat-ma-lich-su-tung-ghi-lai-lse,80,1,true,2020-02-28T11:58:51.437Z
27785,Nhung-nha-tien-phong-Marco-Polo-lft,32,1,true,2020-02-15T09:02:56.317Z
27690,Su-ra-di-ki-la-cua-Travis-Kalanick-ld6,57,3,true,2020-02-12T15:36:35.828Z
26615,Chao-2020-kjb,56,2,true,2020-01-01T07:43:09.344Z
26533,The-gioi-tro-choi-cua-tuong-lai-kh1,51,4,true,2019-12-29T06:23:01.474Z
25863,Mua-xuan-sang-co-hoa-anh-dao-juf,47,5,true,2019-11-30T17:31:32.059Z
24819,Do-la-mot-cau-chuyen-dep-j5f,58,5,true,2019-10-18T18:26:34.154Z
24553,Bao-tang-that-bai-iu1,34,11,false,2019-10-10T10:05:02.901Z
24443,Mot-tiem-bai-o-Toa-Payoh-iuz,43,8,true,2019-10-06T08:49:09.065Z
24067,Tat-ca-chung-ta-deu-chet-mot-minh-ikj,63,2,true,2019-09-21T06:00:39.229Z
23914,Viet-lai-ki-uc-mot-nguoi-ban-iga,53,11,true,2019-09-15T03:00:59.476Z
23900,Nhung-con-bo-vui-nhon-ifw,210,37,true,2019-09-14T10:24:41.785Z
23693,Cai-chet-cua-Hector-ia5,87,20,true,2019-09-05T09:59:35.892Z
23660,Ban-tin-the-gioi-tuan-49-i98,160,11,true,2019-09-04T08:35:03.263Z
23518,That-nghiep-thi-lam-gi-i5a,84,18,true,2019-08-28T17:54:56.485Z
22564,Rosaria-Books-and-Coffee-hes,20,3,true,2019-07-23T08:11:38.822Z
21940,Su-can-thiet-cua-may-man-gxg,57,13,true,2019-06-29T05:03:08.820Z
21621,Tu-hom-ay-hoa-mi-khong-hot-nua-gol,59,7,true,2019-06-13T17:45:45.914Z
21270,Nhung-cua-hang-sach-geu,76,18,true,2019-05-30T16:04:57.361Z
20908,Meo-dai-ca-g4s,140,17,true,2019-05-14T22:42:02.014Z
20456,Toi-bi-da-ra-doi-khi-con-la-1-con-nhoc-fs8,27,4,true,2019-04-22T23:06:52.077Z
20449,Phai-that-binh-tinh-fs1,34,2,true,2019-04-22T14:48:35.871Z
19891,Mot-cuoc-di-san-fcj,43,6,true,2019-03-30T20:59:56.136Z
11868,Song-voi-ai-do-95o,58,8,null,2018-02-10T07:34:30.400Z
11702,Nua-kia-cua-chung-ta-912,170,18,true,2018-01-31T04:43:48.168Z
11351,Mat-mat-cua-ngay-tho-8rb,152,43,true,2018-01-09T05:20:44.437Z
11208,Lam-the-nao-de-ke-mot-cau-chuyen-hay-8nc,224,45,true,2018-01-01T07:32:27.714Z
9954,Chung-ta-la-nhung-bui-sao-troi-7oi,345,52,true,2017-10-25T12:28:37.472Z
8892,Khoang-cach-the-he-va-nhung-dut-gay-vo-hinh-6v0,164,16,true,2017-08-18T05:14:01.768Z
40161,Chuot-thau-cam-uzl,48,6,true,2020-11-02T18:30:48.242Z
