40199,Tu-thien-len-dong-Bi-bich-cua-mot-xa-hoi-Philistine-v0n,377,93,true,2020-11-04T11:04:26.290Z
35284,Tu-biet-minh-chua-bao-gio-la-muc-dich-cho-nen-giao-duc-cua-chung-ta-r84,223,27,true,2020-09-12T10:41:46.001Z
34046,Thoi-tan-cua-doi-thoai-Mot-nghich-li-khi-com-dao-len-ngoi-q9q,196,34,true,2020-08-03T11:08:41.110Z
32881,Game-khong-day-giet-nguoi-nhung-day-danh-bac-va-ton-vinh-bao-luc-pdd,120,111,true,2020-06-22T11:22:25.009Z
31770,Redpill-VN-Su-that-tran-trui-duoc-xay-dung-tren-don-thoi-va-truyen-mom-oii,315,102,true,2020-05-19T10:56:42.024Z
30635,De-Profundis-123-nam-truoc-mot-trong-nhung-la-thu-tinh-vi-dai-nhat-ma-loai-nguoi-tung-viet-ra-doi-nmz,46,0,true,2020-04-20T09:10:21.213Z
29722,Ve-tu-trao-va-tu-ai-ve-tu-duy-tu-do-va-tu-duy-no-le-mxm,161,68,true,2020-04-01T10:55:29.106Z
28582,Sang-tao-can-den-nhung-ke-bat-tuan-luong-thuc-va-khong-ua-trach-nhiem-m1u,83,29,true,2020-03-10T01:35:45.672Z
28204,Van-tuc-la-nguoi-Nhung-ao-tuong-va-nhung-ngo-nhan-lrg,91,14,true,2020-02-27T11:26:14.770Z
27358,RDVN-oi-dung-khoc-Boi-vi-do-la-bieu-hien-cua-su-luon-leo-l3u,164,44,true,2020-02-01T10:47:50.897Z
27147,Nhin-lai-nam-cu-Ve-viec-viet-doan-lu-hanh-va-dan-cho-ku3,101,28,true,2020-01-24T02:56:07.268Z
26538,Dao-hieu-la-thu-hoac-doc-hai-hoac-thua-thai-voi-doi-song-gia-dinh-lanh-manh-kh6,152,69,true,2019-12-29T09:20:06.771Z
25640,Giai-tri-den-chet-Truyen-thong-tha-hoa-keo-theo-mot-the-he-cho-canh-js8,652,102,true,2019-11-21T10:42:33.841Z
24191,Dac-quyen-dot-nat-Khi-cai-dot-tro-thanh-vu-khi-cua-gioi-binh-dan-inz,363,73,true,2019-09-27T03:38:37.936Z
24053,Cuoc-gap-ngan-giua-Coelho-va-Wilde-trong-phan-Vao-truyen-o-Nha-gia-kim-ik5,56,1,true,2019-09-20T11:20:54.487Z
23490,Cau-Vang-Thoi-dai-khan-gia-ti-toe-lam-Thuong-De-i4i,102,42,true,2019-08-27T11:26:48.852Z
23122,Chuong-xuoi-tai-He-luy-cua-nen-van-hoc-truyen-khau-hua,169,46,true,2019-08-13T10:44:41.469Z
22080,Phi-nhan-hoa-Vi-mot-the-gioi-mang-tuoi-dep-hon-h1c,55,34,true,2019-07-05T13:07:26.645Z
21556,Neu-muon-tu-duy-khong-toi-thi-dung-tu-duy-theo-tieng-Viet-gms,250,148,true,2019-06-11T03:28:46.460Z
21314,Dich-ten-rieng-Dich-Hay-la-khong-dich-Hay-la-chu-thich-gg2,64,27,true,2019-06-01T11:06:16.876Z
20469,Cot-tuy-cua-van-hoa-doc-nam-o-su-khong-doc-fsl,202,61,true,2019-04-23T12:13:32.644Z
20174,Buc-hoa-Dorian-Gray-Khoai-Lac-Cai-Dep-va-Minh-Triet-fke,22,1,true,2019-04-11T08:33:32.341Z
19847,Co-vua-va-nhung-triet-li-duoc-nhin-tu-lo-dong-xu-fbb,94,32,true,2019-03-28T11:02:38.636Z
19188,Dac-nhan-tam-Mot-nua-su-that-la-toan-bo-doi-tra-et0,305,82,true,2019-02-25T11:30:45.492Z
19007,Dich-sat-va-dich-thoat-Atree-va-Thyeste-trong-lich-su-li-thuyet-dich-thuat-enz,100,12,true,2019-02-16T10:28:03.555Z
18027,Su-doi-khat-thu-van-xuoi-tai-hay-la-khong-phai-cu-biet-chu-thi-doc-duoc-van-chuong-dwr,231,58,true,2018-12-29T11:54:24.722Z
17749,Buc-hoa-Dorian-Gray-Khi-ve-dep-khong-nam-o-noi-dung-cau-chuyen-Phan-22-dp1,26,4,true,2018-12-16T07:52:21.355Z
17558,Buc-hoa-Dorian-Gray-Khi-ve-dep-khong-nam-o-noi-dung-cau-chuyen-Phan-12-djq,28,20,true,2018-12-07T09:48:02.273Z
17166,Van-hoc-hien-thuc-va-nhung-ca-ngo-doc-tinh-than-d8u,142,38,true,2018-11-19T12:20:21.717Z
16757,Kinh-dien-la-gi-va-neu-vay-thi-nhu-the-nao-cxh,55,10,true,2018-11-02T11:22:41.194Z
16513,Nghe-thuat-thi-vo-dung-ban-ngu-thi-do-ban-cqp,155,24,true,2018-10-21T05:54:47.268Z
15222,Alpha-wolf-Huyen-tuong-ve-soi-dau-dan-bqu,100,22,true,2018-08-29T09:50:37.505Z
14539,PrayforLaos-hay-PrayforThai-Thoi-thi-An-khong-duoc-pha-cho-hoi-b7v,52,12,true,2018-07-27T09:01:10.285Z
14133,Khoe-sach-Can-benh-tam-than-bai-vat-awl,89,28,true,2018-07-08T10:53:27.440Z
13947,Alpha-male-Su-doi-gai-cua-tu-duy-sat-gai-arf,205,37,true,2018-06-27T12:09:16.321Z
13746,Tu-vi-dau-so-Hoac-vo-dung-hoac-lua-mi-alu,33,100,true,2018-06-17T12:36:55.395Z
13391,Tro-he-dao-duc-mang-ten-Cam-Pha-Thai-abz,67,49,true,2018-05-27T12:08:53.239Z
10502,Cu-Viet-xoq-kan-sua-dieu-can-sua-la-ca-tieng-Viet-83q,35,32,null,2017-11-25T12:04:12.093Z
9570,Peter-Jackson-da-pha-hoai-Chua-te-nhung-chiec-Nhan-cua-Tolkien-nhu-the-nao-7du,32,10,null,2017-09-30T02:14:59.446Z
9206,Su-phan-khoa-hoc-cua-chiem-tinh-hoc-73q,46,14,null,2017-09-08T12:05:35.644Z
9119,Ban-ve-nhung-niem-tin-ngay-ngo-cua-Tu-Vi-71b,54,75,true,2017-09-03T11:09:28.921Z
8968,Cong-dong-Chua-Nhan-da-phan-lai-y-chi-Tolkien-nhu-the-nao-6x4,20,5,null,2017-08-24T15:38:38.069Z
8719,De-tu-si-thanh-tu-hao-Hay-gan-cho-chung-mot-cai-ten-6q7,44,5,null,2017-08-04T19:24:46.691Z
8548,Chester-Bennington-Nhung-tam-hon-mong-manh-trong-the-gioi-Rock-day-gai-goc-6lg,18,1,null,2017-07-24T01:44:37.936Z
8376,Tu-mieng-an-den-cai-doc-Su-tho-tuc-len-loi-vao-moi-ngo-ngach-doi-song-6go,57,6,true,2017-07-10T14:33:46.965Z
8175,Spoil-hay-khong-spoil-do-khong-phai-van-de-6b3,51,10,null,2017-06-18T14:10:03.681Z
8006,Nhung-dieu-phan-van-hoa-trong-van-hoa-doc-o-Viet-Nam-66e,81,24,true,2017-05-31T15:43:30.600Z
7751,Xung-ho-trong-tieng-Viet-lam-nghich-ly-va-ky-thi-5zb,44,67,null,2017-05-09T18:38:14.080Z
7714,Cua-hieu-Tu-sat-chung-ta-con-lai-gi-neu-da-khai-tu-Thuong-de-5ua,39,0,null,2017-05-07T08:02:38.708Z
7499,Hoc-giai-nguy-bien-chi-lam-rac-cuoc-tranh-luan-and-4-quy-tac-logic-5sb,120,25,true,2017-04-18T16:49:09.831Z
7451,Phien-am-ten-va-Mac-cam-Ngon-ngu-cua-nguoi-tre-Phan-2-Nguyen-nhan-and-khac-phuc-5qz,16,4,null,2017-04-14T11:03:47.822Z
7441,Phien-am-ten-va-su-Mac-cam-Ngon-ngu-cua-cac-ban-tre-5qp,39,31,null,2017-04-13T16:16:41.433Z
7378,Giay-den-tat-trang-dung-lam-no-le-cho-cac-nguyen-tac-5ou,37,17,null,2017-04-08T04:50:55.697Z
6139,TTTN-Ngu-vi-co-ngu-ngoc-khi-tu-choi-chao-khoai-4qj,30,9,null,2016-12-23T11:48:34.392Z
31770,Redpill-VN-Su-that-tran-trui-duoc-xay-dung-tren-don-thoi-va-truyen-mom-oii,316,104,true,2020-05-19T10:56:42.024Z
25640,Giai-tri-den-chet-Truyen-thong-tha-hoa-keo-theo-mot-the-he-cho-canh-js8,655,102,true,2019-11-21T10:42:33.841Z
23122,Chuong-xuoi-tai-He-luy-cua-nen-van-hoc-truyen-khau-hua,170,46,true,2019-08-13T10:44:41.469Z
21556,Neu-muon-tu-duy-khong-toi-thi-dung-tu-duy-theo-tieng-Viet-gms,251,148,true,2019-06-11T03:28:46.460Z
