36182,27-tuoi-toi-co-qua-dien-ro-khi-hoc-lai-Bachelor-tai-nuoc-ngoai-rx2,283,108,true,2020-10-13T17:37:21.108Z
32014,Su-khon-nan-cua-so-dong-dinh-kien-opa,273,51,true,2020-05-25T21:08:30.369Z
26136,Biet-cach-song-k60,157,26,true,2019-12-11T15:50:14.957Z
26130,9toTalk-32-Cay-cuoc-them-gio-co-hoi-phat-trien-su-nghiep-hay-cam-bay-chet-nguoi-k5u,78,39,true,2019-12-11T13:53:07.329Z
24074,Benh-ngo-chu-ikq,88,35,true,2019-09-21T14:15:21.054Z
20745,Ngu-dot-la-cai-toi-yeu-nghiet-g09,239,53,true,2019-05-06T14:09:19.885Z
17833,Tre-con-hay-ong-noi-ba-noi-drd,188,23,true,2018-12-20T15:02:19.589Z
16952,Me-oi-con-khong-bo-sot-mot-ai-ca-d2w,49,44,true,2018-11-10T15:43:01.501Z
16344,Thanh-dat-hay-cai-bay-cua-tuoi-tre-cm0,196,65,true,2018-10-14T16:16:31.435Z
15077,Shark-Linh-neu-thich-xin-tu-di-ma-lam-bmt,130,109,true,2018-08-23T14:11:53.459Z
14031,Dam-cuoi-hay-la-tro-lo-atr,327,88,true,2018-07-02T17:27:32.352Z
13398,Body-shaming-can-cau-com-cua-nganh-cong-nghiep-tham-my-ac6,139,40,true,2018-05-28T05:48:52.415Z
12278,Chung-toi-la-nguoi-hut-thuoc-9h2,96,101,true,2018-03-11T18:32:49.456Z
10965,Noi-buon-dep-co-nao-8gl,103,30,true,2017-12-20T15:40:48.714Z
10064,Cac-tro-gioi-dung-tuong-la-do-nang-luc-cua-may-tro-Do-la-nang-luc-cua-bo-me-cac-tro-7rk,130,59,true,2017-10-31T13:38:49.824Z
8947,Xuat-khau-vo-Viet-6wj,62,26,true,2017-08-23T06:09:41.334Z
8692,Toi-tai-gioi-U-ke-ban-6pg,557,94,true,2017-08-02T13:46:11.243Z
8241,Con-di-di-o-ben-do-tot-thi-dung-ve-khi-nhung-nguoi-con-yeu-nuoc-khong-the-tro-ve-6cx,142,116,true,2017-06-27T11:25:04.282Z
7755,Ke-ho-cua-Logic-Tai-sao-nhung-ke-khon-ngoan-luon-day-nghi-ngo-5zf,37,27,true,2017-05-10T07:16:47.812Z
7545,Phan-bien-quan-diem-Hoc-giai-nguy-bien-chi-lam-rac-cuoc-tranh-luan-5tl,52,11,null,2017-04-22T12:17:57.004Z
36182,27-tuoi-toi-co-qua-dien-ro-khi-hoc-lai-Bachelor-tai-nuoc-ngoai-rx2,285,109,true,2020-10-13T17:37:21.108Z
8692,Toi-tai-gioi-U-ke-ban-6pg,561,94,true,2017-08-02T13:46:11.243Z
