34874,Cau-hoi-Dau-la-nhung-thien-kien-nhan-thuc-quan-trong-nhat-ma-chung-ta-can-luu-y-qwq,86,6,true,2020-08-31T02:28:18.604Z
28618,Quoc-gia-hung-manh-nhat-the-gioi-o-cac-thoi-diem-trong-lich-su-m2u,59,11,true,2020-03-10T22:59:06.810Z
26498,Tai-sao-10-trieu-nguoi-My-lai-mat-nha-cua-minh-sau-dot-khung-hoang-tai-chinh-nam-2008-kg2,41,5,true,2019-12-27T13:32:47.786Z
26239,Tai-sao-dao-Hai-Nam-khong-giau-co-nhu-Dai-Loan-Phan-3-k8v,21,9,true,2019-12-16T14:03:44.373Z
26067,Tai-sao-dao-Hai-Nam-khong-giau-co-nhu-Dai-Loan-Phan-2-k43,38,8,true,2019-12-09T09:50:58.981Z
26044,Tai-sao-dao-Hai-Nam-khong-giau-nhu-Dai-Loan-Phan-1-k3g,59,6,true,2019-12-08T11:59:00.649Z
25745,Dong-tinh-luyen-ai-duoc-nhin-nhan-nhu-the-nao-o-Trung-Hoa-co-dai-Phan-4-jv5,7,1,false,2019-11-25T21:04:06.489Z
25697,Dong-tinh-luyen-ai-duoc-nhin-nhan-nhu-the-nao-o-Trung-Hoa-co-dai-Phan-3-jtt,17,1,true,2019-11-23T18:32:02.591Z
25559,Nghi-thuc-te-song-thoi-co-dai-jpz,45,0,true,2019-11-17T19:36:47.483Z
25534,Kha-nang-san-xuat-cua-Hoa-Ky-dang-so-nhu-the-nao-trong-thoi-ky-Chien-tranh-the-gioi-lan-II-jpa,45,3,true,2019-11-16T14:14:38.271Z
25236,Dong-tinh-luyen-ai-duoc-nhin-nhan-nhu-the-nao-o-Trung-Hoa-co-dai-Phan-2-jh0,20,0,true,2019-11-03T18:04:35.329Z
25088,Dong-tinh-luyen-ai-duoc-nhin-nhan-nhu-the-nao-o-Trung-Hoa-co-dai-Phan-1-jcw,41,9,true,2019-10-29T10:55:17.304Z
23069,Cau-chuyen-dai-cua-Taliban-hst,56,8,true,2019-08-11T06:18:13.741Z
22552,Tai-sao-he-mien-dich-lai-khong-the-nhan-dien-duoc-te-bao-ung-thu-nhu-vat-the-la-va-tieu-diet-chung-vay-heg,17,0,false,2019-07-22T15:54:07.646Z
21957,Loai-dong-vat-dang-so-nhat-tung-ton-tai-gxx,51,2,true,2019-06-30T12:11:02.950Z
21753,Suy-nghi-mot-nguoi-Trung-Quoc-ve-tuong-lai-cua-nen-kinh-te-Viet-Nam-gs9,167,25,true,2019-06-20T12:00:36.291Z
20212,Trung-Quoc-va-bai-toan-luong-thuc-cho-hon-mot-ty-dan-flg,208,35,true,2019-04-12T12:41:05.969Z
19357,Cuu-moc-nhieu-long-nhu-vay-de-lam-gi-exp,83,16,true,2019-03-05T16:45:15.416Z
18695,Cac-khai-niem-co-ban-ve-cac-vong-goi-von-cua-Start-up-efb,39,1,true,2019-01-30T09:53:40.809Z
18575,Lich-su-Trung-Quoc-Dau-la-su-khac-biet-giua-hai-giai-doan-cua-nha-Dong-Chu-giai-doan-Xuan-Thu-va-giai-doan-Chien-Quoc-ebz,40,0,true,2019-01-25T21:37:37.438Z
18186,Sri-Lanka-mot-quoc-gia-rieng-biet-e16,39,1,true,2019-01-06T20:06:20.265Z
18084,Napoleon-co-that-la-mot-chien-luoc-gia-quan-su-kiet-xuat-duc,37,13,true,2019-01-01T15:32:56.883Z
18041,Thuc-su-Trung-Quoc-da-danh-cap-cong-nghe-Shinkansen-cua-Nhat-Ban-dx5,80,13,true,2018-12-30T10:48:04.262Z
16958,Tai-sao-nguoi-Nhat-khong-cam-thu-nguoi-Mi-sau-sac-sau-vu-nem-bom-nguyen-tu-xuong-Hiroshima-va-Nagasaki-d32,38,8,true,2018-11-10T20:25:03.342Z
16948,Tai-sao-ty-le-that-nghiep-o-My-giam-nhieu-duoi-thoi-Tong-thong-Donald-Trump-d2s,34,65,true,2018-11-10T10:30:26.959Z
16666,Loi-canh-tinh-tu-chau-Au-giong-to-chua-qua-cuu,5,0,true,2018-10-28T13:21:53.910Z
16651,Loi-canh-tinh-tu-chau-Au-giong-to-chua-qua-Phan-4-cuj,8,0,true,2018-10-27T22:04:02.178Z
16649,Loi-canh-tinh-tu-chau-Au-giong-to-chua-qua-Phan-3-cuh,6,0,true,2018-10-27T21:13:18.649Z
16645,Loi-canh-tinh-tu-chau-Au-giong-to-chua-qua-Phan-2-cud,10,0,true,2018-10-27T17:15:24.191Z
16643,Loi-canh-tinh-tu-chau-Au-giong-to-chua-qua-Phan-1-cub,25,2,true,2018-10-27T16:10:37.205Z
16159,Tai-sao-khi-truong-thanh-thi-kho-giam-mo-bung-cgv,118,42,true,2018-10-07T11:36:51.285Z
15239,Tai-sao-khong-the-ngan-cha-viec-crack-phan-mem-brb,50,12,true,2018-08-30T01:49:36.095Z
15084,Tu-quan-diem-tien-hoa-tai-sao-viec-sinh-de-lai-mang-lai-nhieu-dau-don-bn0,80,10,true,2018-08-23T21:57:34.426Z
15026,Tai-sao-trai-thom-lai-duoc-goi-la-pineapples-ble,23,3,true,2018-08-21T09:06:03.994Z
14983,Ton-tho-lam-than-tuong-suc-khoe-bk7,34,6,true,2018-08-18T20:48:44.066Z
14857,Vinh-hanh-cua-dan-ong-bgp,40,7,true,2018-08-12T15:27:23.260Z
14814,Su-that-thu-vi-lien-quan-den-thuc-an-bfi,37,6,true,2018-08-11T02:15:23.344Z
14779,Neu-con-nguoi-tuyet-chung-giong-loai-nao-se-thay-the-chung-ta-bej,57,18,true,2018-08-09T07:48:41.432Z
14679,Nhung-thu-thuat-thong-ke-tinh-vi-Phan-2-bbr,76,9,true,2018-08-04T07:47:35.143Z
14594,Nhung-thu-thuat-thong-ke-tinh-vi-Phan-1-b9e,62,5,true,2018-07-30T08:04:07.453Z
14446,Chien-tranh-thuong-mai-My-Trung-b5a,36,15,true,2018-07-23T12:11:20.041Z
14423,Bac-thay-cua-chien-luoc-tiep-thi-b4n,44,3,true,2018-07-22T09:37:30.605Z
14262,Vi-sao-Berlin-lai-la-thanh-pho-yeu-thich-cua-cac-nha-bat-dong-chinh-kien-Trung-Quoc-b06,12,0,true,2018-07-14T15:01:43.190Z
14248,Trung-Quoc-tro-thanh-1984-trong-khi-Mi-tro-thanh-The-gioi-moi-mi-le-Sau-do-thi-sao-azs,31,4,true,2018-07-13T16:08:12.500Z
14247,Viet-Nam-trung-dai-thoi-Hau-Le-thinh-vuong-den-muc-nao-Phan-cuoi-azr,19,2,true,2018-07-13T15:51:02.795Z
14223,Quy-luat-8020-az3,40,3,true,2018-07-12T08:40:04.247Z
14180,Ke-toi-pham-dang-duoc-ton-trong-axw,31,5,true,2018-07-10T11:51:19.952Z
14086,Su-kien-quan-trong-nhat-lich-su-chau-Au-ava,62,3,true,2018-07-05T13:33:30.492Z
14067,Viet-Nam-trung-dai-thoi-Hau-Le-thinh-vuong-den-muc-nao-Phan-3-aur,30,8,true,2018-07-04T14:41:34.121Z
14049,Hieu-ung-canh-buom-dinh-nhat-lich-su-au9,139,12,true,2018-07-03T14:13:39.789Z
14008,Viet-Nam-trung-dai-thoi-Hau-Le-thinh-vuong-den-muc-nao-Phan-2-at4,34,6,true,2018-07-01T11:00:40.926Z
14000,Su-bao-tan-cua-chien-tranh-thoi-co-dai-asw,68,13,true,2018-06-30T20:57:30.096Z
13977,Ve-ki-thuat-dao-ham-Lieu-Elon-Musk-co-the-dao-ham-nhanh-gap-10-lan-cac-cong-ty-khac-hay-khong-as9,20,3,true,2018-06-29T07:53:17.264Z
13967,Viet-Nam-trung-dai-thoi-Hau-Le-thinh-vuong-den-muc-nao-Phan-1-arz,45,10,true,2018-06-28T13:39:27.293Z
13870,My-khong-phai-la-dat-nuoc-tuyet-voi-nhat-tren-the-gioi-apa,37,4,true,2018-06-22T22:00:31.705Z
13811,Cac-ngon-ngu-Roman-thong-hieu-lan-nhau-den-muc-do-nao-ann,20,2,true,2018-06-20T03:09:08.207Z
13804,Tai-sao-khoa-hoc-dat-duoc-rat-it-tien-bo-thuc-su-tai-chau-Au-thoi-Trung-Co-ang,26,12,true,2018-06-19T21:42:22.970Z
13803,Thu-gi-da-dat-dau-cham-het-cho-thoi-dai-hippie-anf,22,1,false,2018-06-19T21:33:47.274Z
13798,Thong-tin-duoc-truyen-qua-khong-trung-nhu-the-nao-WiFi-du-lieu-mang-3G-vv-ana,34,1,true,2018-06-19T15:33:37.045Z
13795,Nguoi-Viet-Nam-co-tu-hao-ve-qua-khu-Trung-Hoa-cua-ho-khong-an7,37,23,true,2018-06-19T15:03:35.535Z
21753,Suy-nghi-mot-nguoi-Trung-Quoc-ve-tuong-lai-cua-nen-kinh-te-Viet-Nam-gs9,167,26,true,2019-06-20T12:00:36.291Z
