18978,An-Elephant-Sitting-Still-O-Man-Chau-Ly-co-mot-con-voi-en6,54,12,true,2019-02-15T04:18:33.797Z
16904,Vo-hiep-Kim-Dung-hay-cuoc-khung-hoang-danh-tinh-Hong-Kong-d1k,51,20,true,2018-11-08T14:28:35.614Z
12314,Stephen-Hawking-Vi-nhan-cung-deu-phai-chet-9i2,93,8,true,2018-03-14T12:33:47.426Z
12017,Dung-chet-truoc-khi-den-Bangladesh-99t,41,8,true,2018-02-22T08:06:27.291Z
11656,Federer-Hoan-hao-khong-phai-vi-la-nguoi-so-1-8zs,45,14,true,2018-01-29T01:44:47.768Z
11509,Ha-Noi-xua-dau-ta-8vp,27,2,null,2018-01-19T10:05:36.855Z
10862,Giai-Pulitzer-2014-The-Goldfinch-Con-Se-Vang-Tuong-lai-thi-ngan-qua-khu-thi-dai-8dq,30,1,true,2017-12-14T02:55:55.459Z
9486,The-Vietnam-War-Cach-mot-nguoi-the-he-9x-nhin-ve-chien-tranh-Viet-My-7bi,111,29,true,2017-09-24T11:47:48.314Z
9215,LHP-Duc-tai-Viet-Nam-Land-of-Mine-Chay-73z,19,3,null,2017-09-09T01:43:20.514Z
9023,The-gioi-be-chung-nao-6un,25,2,null,2017-08-28T02:22:40.239Z
8484,Nguoi-Viet-Nam-khong-gao-thet-nhu-the-6jo,61,12,true,2017-07-20T03:13:58.728Z
8296,Hay-nhin-xem-chung-ta-da-song-toi-va-song-te-nhu-the-nao-6eg,38,2,true,2017-07-03T02:16:44.429Z
8246,Khi-cac-van-hao-choang-nhau-khong-thuong-tiec-6d2,51,6,null,2017-06-28T04:03:29.245Z
8187,6-quyen-sach-nen-doc-truoc-khi-doc-Heart-of-Darkness-6bf,18,2,null,2017-06-20T02:45:59.472Z
7888,Ban-ve-su-luoi-634,41,10,true,2017-05-23T00:52:23.782Z
7842,Mot-Cuoc-Gap-Go-Giao-luu-voi-Hau-Hieu-Hien-o-Dublin-61u,16,0,null,2017-05-18T06:22:59.017Z
7779,CHU-VAN-Choi-voi-Tinh-mot-van-co-603,21,5,null,2017-05-12T06:34:54.731Z
7706,May-dieu-hoc-duoc-tu-phong-trao-nghe-thuat-Dada-5u2,27,17,null,2017-05-06T03:12:47.629Z
7605,Loi-Nguyen-Cau-tu-Chernobyl-Hoi-doc-dich-benh-khung-bo-cong-san-va-may-thu-lang-nhang-do-5v9,23,9,null,2017-04-27T04:21:59.914Z
7474,Doc-Sach-Cung-La-Mot-Cach-Tu-Sat-Noi-ve-nhung-luc-chan-doc-5rm,32,16,null,2017-04-16T08:21:40.375Z
7368,Anh-Sang-Vo-Hinh-Chuyen-noi-buon-chien-tranh-5oo,27,1,null,2017-04-07T09:04:47.965Z
7201,Itand39s-so-funny-it-hurts-5k1,23,1,null,2017-03-23T09:38:26.891Z
6610,ANH-CO-TIEC-CHO-CON-NGUOI-KHONG-53m,34,4,null,2017-01-22T01:08:10.828Z
6071,Tho-cua-Lu-nguoi-quy-am-4on,44,12,true,2016-12-20T15:14:30.357Z
6020,Cuoc-Doi-La-Mot-Buoi-Tra-Chieu-may-loi-ve-nhung-mon-an-trong-phim-va-trong-doi-4n8,24,11,null,2016-12-18T14:25:43.344Z
