36109,Ve-viec-viet-mot-cach-tu-nguyen-rv1,59,19,true,2020-10-12T01:49:30.568Z
33851,Su-khac-biet-giua-mot-bai-tap-lam-van-va-mot-bai-viet-hay-q4b,60,8,true,2020-07-28T01:35:09.290Z
30745,Giup-nguoi-kho-khan-vuot-qua-dich-benh-nq1,24,7,true,2020-04-22T13:26:00.383Z
25768,Monster-Box-Spiderum-QuoraVn-RedditVn-J2Team-va-su-mong-manh-cua-cong-dong-tri-thuc-Viet-jvs,375,34,true,2019-11-27T02:02:56.113Z
24745,9totalk-24-Hay-ke-cho-chung-minh-chuyen-ve-nhung-nguoi-phu-nu-xung-quanh-ban-j3d,28,16,true,2019-10-16T13:25:58.065Z
24380,Troi-sang-roi-dung-cau-cuu-nua-cac-ban-oi-it8,190,16,true,2019-10-04T06:42:30.001Z
23620,Spiderum-khong-te-di-nhung-viec-ban-phan-nan-cung-khong-sai-i84,53,6,true,2019-09-02T14:10:13.818Z
23619,Minh-thich-doc-gi-khi-doc-Spiderum-i83,134,6,true,2019-09-02T13:54:17.551Z
23404,Mot-vai-ki-nang-soan-thao-co-ban-va-lam-the-nao-de-tro-thanh-CTV-bao-chi-i24,117,10,true,2019-08-23T13:52:56.410Z
23252,Ra-gi-va-nay-no-hxw,117,98,true,2019-08-18T15:47:57.944Z
22781,9toTalk-13-Co-nen-cam-Tay-an-xin-hanh-nghe-tren-duong-pho-hkt,26,13,true,2019-07-31T11:54:36.182Z
21903,Neu-thi-rot-2k1-hay-tu-do-cho-chinh-minh-gwf,110,12,true,2019-06-27T16:36:16.915Z
21375,Chi-la-mot-cau-tra-loi-tren-Reddit-ghr,453,57,true,2019-06-03T15:40:36.427Z
21267,Cach-de-han-che-suy-nghi-tieu-cuc-ger,51,24,false,2019-05-30T15:07:43.725Z
20740,Monster-Box-va-binh-minh-moi-cua-YouTube-g04,197,28,true,2019-05-06T12:00:03.539Z
20555,Neu-con-gai-toi-18-tuoi-fuz,79,14,true,2019-04-27T15:07:54.683Z
19937,Nhat-ki-cua-mot-winner-mot-chiec-xe-khong-dung-de-trom-cho-fdt,71,12,true,2019-04-01T17:30:22.603Z
18883,Life-is-hard-ekj,233,16,true,2019-02-10T19:58:52.856Z
18655,Nguoi-tre-hut-can-ee7,246,26,true,2019-01-28T12:37:48.159Z
17888,Sinh-Con-Tutorial-dsw,67,22,true,2018-12-23T09:53:34.058Z
17612,Dung-xem-moi-thu-la-hien-nhien-dl8,121,14,true,2018-12-09T13:09:02.962Z
16377,Pee-kich-cmx,76,15,true,2018-10-16T04:56:35.777Z
16068,Chung-ta-chang-can-hieu-nhau-lam-gi-cec,132,27,true,2018-10-02T11:49:42.902Z
15944,Gui-nhung-nguoi-dang-chan-viec-Su-on-dinh-khong-phai-luc-nao-cung-nham-chan-va-nhung-dieu-ta-chua-lam-khong-phai-luc-nao-cung-thu-vi-caw,111,31,true,2018-09-26T13:00:07.583Z
15833,Chay-xe-o-Sai-Gon-la-ca-mot-nghe-thuat-c7t,75,30,true,2018-09-22T16:53:10.074Z
15648,Review-Meeting-Nga-Levi-da-mang-gi-vao-Sai-Gon-c2o,54,15,true,2018-09-15T18:04:37.871Z
15567,Mua-giua-dem-c0f,35,11,true,2018-09-11T15:22:31.094Z
15433,Spiderum-chang-la-gi-ca-chi-la-ban-le-cua-mot-canh-cua-lon-bwp,147,23,true,2018-09-05T15:13:49.877Z
15373,Danh-cho-nhung-ban-thac-mac-cac-Spiders-trong-ra-sao-khi-roi-ban-phim-bv1,72,56,true,2018-09-03T14:20:49.083Z
15253,Khi-ban-sinh-ra-la-ke-kho-ua-brp,104,53,true,2018-08-30T14:17:44.916Z
15210,Cam-mat-vao-man-hinh-o-co-quan-8hngay-thi-duoc-con-choi-Dota-thi-khong-bqi,58,71,true,2018-08-28T13:23:36.915Z
15075,Chung-ta-chung-no-va-ly-do-vi-sao-loai-nguoi-kho-chap-nhan-su-khac-biet-Phan-1-bmr,32,5,true,2018-08-23T11:43:57.270Z
14871,Review-Offline-Spiderum-Lan-II-va-Mot-Loi-De-Nghi-Nho-bh3,66,68,true,2018-08-13T13:04:38.617Z
14743,Nhung-em-oi-doi-dau-chi-co-the-ma-em-lo-bdj,62,9,true,2018-08-07T13:50:00.314Z
14541,Not-All-Deaths-Are-Equal-But-Why-b7x,124,36,true,2018-07-27T11:45:38.839Z
14264,18-tuoi-b08,81,60,true,2018-07-14T16:56:33.787Z
14254,Cang-hien-dai-loai-nguoi-cang-dau-kho-azu,34,65,true,2018-07-14T08:26:21.675Z
14242,The-Gioi-Van-Dong-Giong-Cach-Bon-Tre-Choi-Do-Hang-azm,35,13,true,2018-07-13T09:36:06.892Z
13597,Song-xa-nha-ahp,68,33,true,2018-06-08T18:11:47.599Z
13500,Khong-thieu-khong-thua-af0,95,11,true,2018-06-02T18:15:57.944Z
13465,Monster-Box-Kurzgesagt-phien-ban-Viet-Nam-ae1,42,12,true,2018-05-31T08:05:49.071Z
13399,Chuyen-vut-rac-y-thuc-nguoi-dan-hay-trach-nhiem-cua-chinh-quyen-ac7,43,8,true,2018-05-28T06:16:02.079Z
13237,Nhung-phut-cuoi-ngay-a7p,55,17,true,2018-05-16T15:43:01.696Z
12755,Nhung-ngay-buon-cua-bon-con-trai-9ub,349,84,true,2018-04-20T14:09:04.022Z
12676,Doc-bao-nhieu-khien-ban-bi-kem-thong-minh-Ngu-Hay-gi-day-tuong-tu-vay-9s4,136,23,true,2018-04-16T15:41:31.427Z
12632,Nguoi-ta-thuong-khoe-nhung-gi-ho-khong-co-9qw,87,17,true,2018-04-06T09:45:44.792Z
12496,Ban-tay-vo-hinh-trong-triet-ly-giao-duc-9n4,82,48,true,2018-03-27T08:46:51.836Z
12437,Chuyen-thang-Tien-3-9lh,27,2,false,2018-03-23T13:15:24.388Z
12371,Chuyen-thang-Tien-2-9jn,20,8,false,2018-03-17T14:14:11.902Z
12338,Chuyen-thang-Tien-9iq,26,5,false,2018-03-15T14:16:24.122Z
12196,Y-nghia-cua-mot-so-loai-sinh-vat-ban-ghet-cay-ghet-dang-9es,56,10,true,2018-03-07T08:34:40.517Z
12119,Tuong-doi-va-tuyet-doi-9cn,93,22,true,2018-03-01T14:13:21.037Z
11885,Vo-ly-am-am-965,56,15,null,2018-02-11T14:24:17.086Z
11835,How-about-Bo-Tet-94r,43,23,true,2018-02-08T06:02:22.076Z
11766,AMA-Review-Offline-Spiderum-tai-Sai-Gon-va-Boc-Phot-Hexpion-92u,54,68,null,2018-02-04T08:49:22.270Z
11672,Vi-sao-ban-chua-the-hoan-thanh-duoc-muc-tieu-cua-minh-908,66,8,true,2018-01-29T17:27:46.308Z
11587,U23-Viet-Nam-va-nhung-hieu-ung-tam-ly-thu-vi-8xv,81,18,true,2018-01-24T09:25:35.520Z
11566,Vi-sao-nhung-bai-viet-tren-Spiderum-luon-lam-ban-that-vong-8xa,49,18,null,2018-01-22T15:45:18.889Z
11526,Quan-diem-ca-nhan-8w6,73,12,false,2018-01-20T07:26:24.995Z
11360,An-di-truoc-loi-nuoc-theo-sau-va-quan-niem-song-cua-nguoi-Viet-8rk,118,34,true,2018-01-09T12:48:18.139Z
11321,Thoi-khong-sao-8qh,41,15,null,2018-01-07T11:36:10.318Z
11186,Ky-vong-ve-Spiderum-2018-8mq,63,22,true,2017-12-31T06:25:54.957Z
10952,Mot-so-bo-phim-ban-nen-xem-truoc-khi-khong-con-thoi-gian-nua-8g8,246,107,true,2017-12-19T14:39:00.737Z
10920,Mot-so-loi-tu-duy-cam-tinh-Phan-I-8fc,97,50,true,2017-12-17T07:24:56.059Z
10892,Minh-muon-nghe-chuyen-tinh-cua-cac-ban-8ek,85,128,null,2017-12-15T12:51:44.124Z
10802,Trai-Dat-nay-la-cua-chung-minh-8c2,70,21,true,2017-12-10T06:36:02.787Z
10705,No-le-cua-chinh-minh-89d,82,18,true,2017-12-05T14:07:59.599Z
10557,Thuong-dang-859,254,54,true,2017-11-27T15:01:25.430Z
10505,Hom-nay-chung-ta-khong-bo-Tieng-Viet-83t,21,20,null,2017-11-25T14:31:53.961Z
10390,Nuoc-mat-con-trai-80m,101,9,true,2017-11-18T11:27:46.489Z
10378,Mui-con-gai-80a,150,59,null,2017-11-17T15:18:22.764Z
10281,Phan-bien-bai-viet-Lam-vi-tien-cua-Huskywannafly-7xl,107,31,true,2017-11-12T14:24:07.773Z
10239,Neu-con-gai-toi-17-tuoi-7wf,239,63,true,2017-11-09T07:26:39.898Z
10058,Nguoi-Viet-xau-xi-7re,129,30,true,2017-10-31T09:11:00.272Z
9941,Cuoi-cai-su-nhat-7o5,186,66,true,2017-10-24T14:46:02.659Z
9889,Tai-sao-Freud-gay-nhieu-tranh-cai-7mp,52,15,true,2017-10-20T03:19:59.165Z
7549,VI-SAO-NEN-HAN-CHE-XE-MAY-VA-TIEN-TOI-CAM-HOAN-TOAN-5tp,38,27,null,2017-04-22T17:08:19.936Z
7520,Tu-mot-doan-thoai-trong-Fast-and-Furious-8-cho-den-Su-ghe-tom-tao-nen-loai-nguoi-5sw,41,4,null,2017-04-20T17:28:38.648Z
7423,Co-gi-do-goi-la-5q7,24,2,null,2017-04-11T14:21:14.703Z
7413,NGHE-THUAT-NHIN-NGUOI-QUA-GIAYDEP-5px,51,28,null,2017-04-10T16:25:07.998Z
7355,Niem-tin-se-tu-ket-lieu-doi-minh-o-thoi-diem-nao-cua-nhan-loai-5ob,27,3,null,2017-04-06T15:53:29.157Z
7351,Giao-duc-He-thong-luat-choi-hoan-hao-nhat-trong-lich-su-loai-nguoi-5o7,88,29,true,2017-04-06T07:05:26.723Z
7347,Truyen-thong-va-bay-cuu-Ke-thong-tri-dang-lam-tot-vai-tro-cua-minh-5o3,25,4,null,2017-04-05T18:28:00.466Z
23404,Mot-vai-ki-nang-soan-thao-co-ban-va-lam-the-nao-de-tro-thanh-CTV-bao-chi-i24,118,10,true,2019-08-23T13:52:56.410Z
21375,Chi-la-mot-cau-tra-loi-tren-Reddit-ghr,454,57,true,2019-06-03T15:40:36.427Z
10892,Minh-muon-nghe-chuyen-tinh-cua-cac-ban-8ek,86,128,null,2017-12-15T12:51:44.124Z
