35437,Su-tro-lai-cua-diep-vien-Trung-Quoc-P14-Huawei-tu-manh-thu-vuon-minh-den-con-soi-co-doc-trong-lang-cong-nghe-the-gioi-rcd,141,50,true,2020-09-17T14:16:05.141Z
34766,Su-tro-lai-cua-diep-vien-Trung-Quoc-P13-Tat-tan-tat-ve-Tiktok-Bytedance-mang-xa-hoi-va-startup-dang-gia-nhat-hanh-tinh-qtq,202,67,true,2020-08-27T09:47:12.687Z
34540,Su-tro-lai-cua-diep-vien-Trung-Quoc-P12-Tat-tan-tat-ve-de-che-Xiaomi-Apple-cua-Chau-A-qng,219,62,true,2020-08-19T12:53:04.658Z
33471,Co-nhung-ngay-chi-muon-tro-ve-que-ptr,155,61,true,2020-07-13T10:59:10.762Z
31056,Su-tro-lai-cua-diep-vien-Trung-Quoc-P11-Tat-tan-tat-ve-nganh-dich-vu-lam-dep-thu-gian-o-xu-so-phim-ngon-tinh-nuo,140,34,true,2020-04-29T17:58:24.769Z
29695,Su-tro-lai-cua-diep-vien-Trung-Quoc-P10-Hanh-trinh-tro-ve-tu-tam-dich-Vu-Han-phia-truoc-la-bau-troi-mwv,174,41,true,2020-03-31T19:18:37.505Z
27839,Su-tro-lai-cua-diep-vien-Trung-Quoc-P9-Tat-tan-tat-ve-cuoc-song-cua-nguoi-dan-trong-tam-dich-virus-Vu-Han-lhb,256,67,true,2020-02-17T08:00:50.794Z
27530,Buc-tranh-Trung-Quoc-2020-mau-den-am-dam-sau-cai-chet-cua-bac-si-Ly-va-niem-tin-vo-vun-voi-Nha-cam-quyen-l8q,239,55,true,2020-02-07T07:07:31.398Z
27333,Su-tro-lai-cua-diep-vien-Trung-Quoc-P8-Virus-Corona-buc-tranh-Trung-Quoc-2020-va-nhung-thuyet-am-muu-phia-sau-dai-dich-nay-l39,176,48,true,2020-01-31T13:44:07.527Z
25508,Su-tro-lai-cua-diep-vien-Trung-Quoc-P7-Giai-ma-tat-tan-tat-ve-van-hoa-doi-song-vat-chat-va-tinh-than-cua-gioi-tre-Trung-Quoc-jok,290,110,true,2019-11-15T10:19:16.590Z
23781,Su-tro-lai-cua-diep-vien-Trung-Quoc-P6-Tat-tan-tat-ve-ga-khong-lo-cong-nghe-Tencent-va-de-che-cua-CEO-kiem-loi-Pony-Ma-icl,331,95,true,2019-09-09T08:30:55.433Z
23187,VEN-MAN-NHUNG-BI-MAT-THUONG-MAI-DIEN-TU-CUA-ALIBABA-PHAN-2-hw3,90,15,true,2019-08-15T08:37:38.603Z
22189,Su-tro-lai-cua-diep-vien-Trung-Quoc-P5-Nhung-chuyen-minh-dau-tien-cua-cong-nghe-5G-den-doi-song-nguoi-dan-tai-nen-kinh-te-thu-hai-the-gioi-h4d,176,48,true,2019-07-09T10:04:49.622Z
20839,Su-tro-lai-cua-diep-vien-Trung-QuocP4-Hoc-duoc-gi-trong-luat-giao-thong-va-nhung-ky-thi-sat-hach-lai-xe-cua-xu-so-ty-dan-g2v,144,52,true,2019-05-11T08:19:10.847Z
20401,He-thong-cham-diem-cong-dan-P1-Tai-sao-gioi-tre-Trung-Quoc-van-tho-o-fqp,215,80,true,2019-04-20T09:40:25.421Z
20301,Tat-tan-tat-ve-Wechat-phan-2-Khi-Wechat-khong-con-ke-ho-cho-nhung-phi-vu-rua-tien-fnx,116,37,true,2019-04-17T03:31:23.981Z
19506,Su-tro-lai-cua-diep-vien-Trung-QuocP3-Nong-thon-ky-su-tap-2-Nhung-manh-doi-duoi-chan-suon-nui-f1u,141,21,true,2019-03-12T08:57:56.442Z
19206,Su-tro-lai-cua-phong-vien-Trung-Quoc-P2-Nong-thon-ky-su-tap-1-nhung-neo-duong-tuyet-trang-eti,174,55,true,2019-02-26T10:37:49.129Z
19062,Su-tro-lai-cua-diep-vien-Trung-Quoc-P1-Khi-bao-chi-con-dang-noi-ve-ly-thuyet-cach-mang-40-thi-Tham-Quyen-da-tro-thanh-thanh-pho-AI-roi-epi,370,85,true,2019-02-19T06:43:21.312Z
16049,Tham-Quyen-tuoi-40-Tu-cong-xuong-cua-the-gioi-cho-den-thung-lung-Silicon-chau-A-cdt,163,37,true,2018-10-01T12:52:28.559Z
13134,VEN-MAN-NHUNG-BI-MAT-VE-MO-HINH-THUONG-MAI-DIEN-TU-CUA-ALIBABA-a4u,134,41,true,2018-05-11T08:44:47.197Z
13078,BOI-RA-BIEN-LON-P6-Quen-Quang-Chau-di-day-moi-la-vua-thoi-trang-gia-re-cua-Trung-Quoc-a3a,75,24,true,2018-05-08T02:59:46.901Z
12518,Tat-tan-tat-ve-Wechat-Mang-xa-hoi-dang-lam-mua-lam-gio-o-Trung-Quoc-9nq,90,65,true,2018-03-29T11:18:38.510Z
12352,BOI-RA-BIEN-LON-P5-TO-DA-DON-TET-O-TRUNG-QUOC-NHU-THE-NAO-9j4,51,11,false,2018-03-16T10:59:13.796Z
10130,NHUNG-DIEU-MA-CHI-CO-LAM-VIEC-O-TRUNG-QUOC-BAN-MOI-BIET-7te,138,50,true,2017-11-04T10:04:00.303Z
9903,BOI-RA-BIEN-LON-P4-Nguoi-anh-em-cua-Hongkong-7n3,74,27,null,2017-10-21T14:51:06.057Z
9864,BOI-RA-BIEN-LONP3-Ve-Vu-Han-ngam-Hoang-Hac-Lau-7m0,68,33,null,2017-10-18T07:37:47.238Z
9428,Ban-khong-xau-ban-chi-sinh-vao-nham-thoi-thoi-D-79w,55,26,null,2017-09-21T02:22:27.327Z
9421,How-to-be-doi-va-cho-sap-mat-79p,89,41,null,2017-09-20T10:49:40.480Z
9332,Trung-thu-trong-toi-la-778,31,11,null,2017-09-15T02:54:42.607Z
9225,100-1-0-749,53,4,true,2017-09-09T12:08:36.620Z
9204,Mot-buoi-tap-huan-o-Alibaba-73o,62,22,null,2017-09-08T08:57:57.571Z
9159,BOI-RA-BIEN-LON-PHAN-2-Hay-cau-chuyen-ve-viec-hun-hap-kinh-doanh-72f,59,29,null,2017-09-05T09:44:52.524Z
9087,Tu-tieng-Anh-cua-nguoi-Trung-trong-ban-hang-quoc-te-den-viec-tai-sao-phai-hoc-ngoai-ngu-cham-ma-chac-70f,91,16,null,2017-09-01T07:00:06.658Z
9064,BOI-RA-BIEN-LON-6zs,116,50,true,2017-08-30T11:37:59.108Z
9026,Suy-ngam-Lai-mot-quan-quan-nua-len-dinh-Olympia-roi-cac-nhan-tai-lieu-co-ve-nuoc-hay-khong-6uq,39,32,null,2017-08-28T08:14:45.762Z
9025,Neu-ban-duoc-sinh-ra-trong-mot-gia-dinh-thieu-thon-tinh-thuong-6up,115,39,null,2017-08-28T06:44:06.850Z
