40194,Tan-man-nhap-nganh-Agency-v0i,30,3,true,2020-11-04T08:10:05.318Z
32696,TONG-HOP-NHOC-KI-LAM-BANH-p88,30,13,true,2020-06-15T16:29:44.690Z
26801,9toTalk-35-Co-nen-sang-tao-am-thuc-truyen-thong-koh,39,21,true,2020-01-08T15:58:31.609Z
26202,Viet-tang-nang-k7u,66,8,true,2019-12-14T05:23:58.909Z
25230,Cong-thuc-Chac-la-quan-trong-nhi-jgu,64,11,true,2019-11-03T16:45:47.411Z
24600,Chia-tay-Bep-izc,58,15,true,2019-10-12T10:22:38.721Z
23665,9totalk-18-Thoi-Diem-Nao-La-Thich-Hop-De-Song-Tu-Lap-i9d,44,18,true,2019-09-04T13:30:22.861Z
23541,Nhung-ke-chien-bai-chuyen-viet-va-lon-len-i5x,51,19,true,2019-08-29T17:43:31.167Z
23426,Hanh-phuc-cua-viec-nau-an-i2q,134,30,true,2019-08-24T11:11:20.388Z
23099,Nhung-ngay-truot-dai-htn,93,39,true,2019-08-12T11:37:17.116Z
20862,Sang-tao-Cai-gi-Sao-lai-the-Neu-nhu-g3i,32,2,true,2019-05-12T12:08:16.869Z
20715,Thoi-danh-song-cham-lai-fzf,99,17,true,2019-05-05T03:07:00.771Z
20621,Loi-tu-thu-cua-bep-truong-Anothony-Bourdain-fwt,54,2,true,2019-04-30T08:31:07.057Z
20222,Carbonara-Nguoi-Y-se-giet-toi-va-cau-chuyen-cong-thuc-flq,35,4,true,2019-04-13T06:41:02.502Z
19952,Chin-Ngon-Dep-Hanh-trinh-tu-dau-fe8,24,10,true,2019-04-02T13:12:16.274Z
19800,Noi-so-vo-hinh-cua-chang-trai-lam-bep-fa0,80,36,true,2019-03-26T02:53:54.888Z
18955,Poker-Cau-chuyen-con-so-0-emj,40,16,true,2019-02-14T04:27:44.251Z
18908,Nam-moi-Bai-hoc-cu-Su-trach-nhiem-voi-ban-than-el8,161,25,true,2019-02-11T18:03:56.684Z
17194,Dem-tai-cho-Long-Bien-d9m,80,11,true,2018-11-20T18:00:43.030Z
17038,Dam-ba-cai-tuoi-tre-Vai-ba-canh-bac-d5a,59,33,true,2018-11-13T09:13:32.295Z
16866,Cau-chuyen-Chuyen-Can-o-Ninh-Binh-d0i,31,11,true,2018-11-07T02:12:16.489Z
16001,Ngay-nhan-luong-va-cau-chuyen-Lam-vi-tien-cch,158,60,true,2018-09-29T04:01:20.348Z
15830,Tam-thuong-va-Xuat-chung-c7q,304,38,true,2018-09-22T14:33:02.567Z
15608,Tteokbokki-Mon-an-Han-danh-cho-tat-ca-c1k,34,11,true,2018-09-13T09:47:25.270Z
15016,Trung-50-sac-thai-cua-long-do-va-trang-bl4,59,10,true,2018-08-21T02:58:08.147Z
14651,Kitchen-101-Mi-tuong-den-va-cau-chuyen-chon-noi-baz,40,18,true,2018-08-02T13:54:46.652Z
13394,Kitchen-101-Bibimbap-Com-tron-Han-Quoc-day-mau-sac-ac2,36,13,true,2018-05-28T02:53:49.186Z
12819,Nhung-cau-chuyen-tren-tieu-cau-B-Sau-Mot-Hai-9w3,35,17,true,2018-04-24T15:35:47.711Z
11644,Mot-nam-co-52-tuan-8zg,72,13,true,2018-01-28T07:51:42.107Z
11450,Ngo-nhan-Dam-me-va-mot-xa-hoi-co-dong-8u2,70,20,true,2018-01-15T10:15:28.102Z
11163,Cartesian-Skepticism-Hoai-nghi-tat-ca-moi-thu-8m3,43,21,true,2017-12-30T10:46:34.601Z
11090,Su-lac-quan-trong-Thuyet-Hu-vo-8k2,90,10,true,2017-12-26T04:34:34.657Z
10978,Free-Will-vs-Determinism-8gu,89,28,true,2017-12-21T08:32:04.592Z
10844,Su-ki-dieu-cua-Board-Games-8d8,35,25,true,2017-12-12T09:35:31.149Z
10588,Di-theo-dam-me-Di-dau-moi-duoc-864,89,11,true,2017-11-29T05:17:17.739Z
10558,Ai-cung-muon-nhung-85a,49,2,true,2017-11-27T15:08:52.191Z
10374,Kitchen-101-Dung-dua-voi-MacaWrong-806,31,17,null,2017-11-17T08:49:52.940Z
10024,Poker-Tro-choi-cua-7qg,43,7,true,2017-10-29T08:49:45.346Z
9926,Kitchen-101-Croissant-Bua-sang-hoan-hao-7nq,48,27,true,2017-10-23T15:57:24.586Z
9390,Banh-Trung-thu-va-cau-chuyen-do-lam-san-78u,52,25,true,2017-09-18T10:40:18.575Z
9281,Kitchen-101-Mug-Cake-Con-so-0-tu-nhung-ke-yeu-thich-lam-banh-75t,32,27,null,2017-09-12T17:53:10.039Z
9166,Cookies-72m,26,12,null,2017-09-05T15:47:51.581Z
9042,Nhat-em-len-nao-Tiramisu-6z6,36,4,null,2017-08-29T05:47:18.154Z
8925,Kitchen-101-Sukem-oi-Dung-hanh-anh-nua-6vx,51,16,true,2017-08-21T08:49:21.820Z
8755,Kitchen-101-Tapas-Nho-nhung-co-Vo-6r7,37,20,true,2017-08-07T09:54:32.698Z
8657,Kitchen-101-Brownie-Chiec-banh-co-ban-co-nhieu-phan-than-6oh,30,10,true,2017-07-31T10:18:11.220Z
8557,Umami-va-cau-chuyen-mi-chinh-6lp,37,18,null,2017-07-24T06:04:03.881Z
8368,Gamblers-fallacy-Ao-tuong-cua-nhung-tay-bac-6gg,47,9,null,2017-07-10T04:01:36.417Z
8301,Kitchen-101-Cam-nghi-ve-Cheese-6el,35,13,null,2017-07-03T08:55:46.734Z
7970,Poker-101-9-tieng-cua-su-dien-ro-65e,32,9,null,2017-05-29T06:35:31.470Z
7882,Capgras-hoi-chung-Nhung-khuon-mat-than-thuoc-62u,15,0,null,2017-05-22T10:05:46.298Z
7845,Nang-cao-tu-vung-ban-than-61x,27,12,null,2017-05-18T08:34:16.043Z
7471,Poker-101-Tro-choi-cua-toan-hoc-may-man-va-kien-tri-5rj,24,8,null,2017-04-16T03:54:22.223Z
7275,Kitchen-101-Cau-chuyen-100-qua-trung-5m3,37,26,true,2017-03-28T11:42:37.654Z
7027,Lam-ban-voi-Stress-5f7,26,2,null,2017-03-06T16:20:14.612Z
6729,Kitchen-101-Bo-may-nha-bep-56x,26,2,null,2017-02-07T06:01:47.236Z
6714,Poker-101-Nhung-loai-nguoi-thuong-gap-trong-mot-ban-Poker-56i,30,4,null,2017-02-06T03:52:01.079Z
6700,Poker-101-Nhap-mon-Poker-564,37,8,null,2017-02-04T15:33:24.466Z
6536,Kitchen-101-Nhap-mon-lam-banh-51k,30,17,null,2017-01-14T18:34:43.912Z
6515,KITCHEN-101-Nhung-loai-nuoc-xot-au-co-ban-nhat-50z,38,25,null,2017-01-12T18:48:53.470Z
6148,Toi-co-4qs,19,16,null,2016-12-23T19:11:30.725Z
6031,IREAD-Co-gai-trong-trang-sach-4nj,26,1,null,2016-12-18T16:48:17.142Z
5867,Cyberbullying-Tu-ngu-cung-co-the-giet-nguoi-4iz,35,5,null,2016-12-10T14:38:44.729Z
5697,Cach-andquotcai-nhauandquot-dung-chuan-4e9,39,18,null,2016-11-28T02:11:14.282Z
5636,7-cach-de-noi-chuyen-voi-bat-ki-ai-4ck,39,17,null,2016-11-24T07:01:57.894Z
5604,How-I-learn-English-4bo,43,18,null,2016-11-22T07:48:55.983Z
5574,Cau-tao-cua-hanh-phuc-4au,37,4,true,2016-11-21T04:38:04.527Z
5496,Bodyshame-Hanh-dong-dang-bi-len-an-48o,39,38,null,2016-11-17T13:33:25.534Z
5376,Debate-8-Ngoai-tinh-tu-tuong-co-gi-sai-45c,25,13,null,2016-11-10T13:46:56.021Z
5312,DAN-ONG-DICH-THUC-NGHIA-LA-GI-43k,40,16,null,2016-11-07T12:13:22.429Z
5243,Nguoi-dua-dieu-Tinh-ban-dep-day-hoi-tiec-41n,24,11,null,2016-11-04T08:49:49.436Z
5224,Co-nen-hop-phap-hoa-Poker-414,28,24,null,2016-11-03T13:56:16.272Z
5166,Hieu-ung-canh-buom-3zi,36,17,true,2016-11-01T06:39:54.529Z
5139,The-perk-of-being-walflower-Khi-tuoi-tre-la-vo-tan-3ur,25,18,true,2016-10-30T15:43:08.487Z
5073,Sach-nau-an-Khong-chi-la-nhung-cong-thuc-3wx,29,7,null,2016-10-27T16:41:09.308Z
5025,Cau-chuyen-tien-bo-3vl,22,12,null,2016-10-25T14:40:48.019Z
4949,Cau-chuyen-lam-banh-3th,34,9,null,2016-10-20T15:45:14.993Z
17038,Dam-ba-cai-tuoi-tre-Vai-ba-canh-bac-d5a,60,33,true,2018-11-13T09:13:32.295Z
7845,Nang-cao-tu-vung-ban-than-61x,28,12,null,2017-05-18T08:34:16.043Z
