32380,Co-Phai-Cac-Truong-Dai-Hoc-Uc-Dang-Vat-Hoc-Sinh-Quoc-Te-Nhu-Vat-Sua-Bo-ozg,131,9,true,2020-06-05T10:31:39.936Z
30699,Coi-Nguon-Co-Don-nor,157,23,true,2020-04-21T12:26:42.127Z
29458,Sau-Dai-Dich-Cuoc-Song-Cua-Chung-Ta-Se-Khong-Quay-Lai-Binh-Thuong-Nhu-Truoc-Nua-mqa,180,11,true,2020-03-27T13:37:31.652Z
29157,Song-Thuc-Te-Hon-Nho-Dich-Benh-Covid-19-mhx,337,44,true,2020-03-21T07:53:44.790Z
28012,Nao-Cua-Ban-Khong-Xu-Ly-Thong-Tin-Va-No-Khong-Phai-La-Mot-Cai-May-Tinh-lm4,143,18,true,2020-02-22T16:24:04.249Z
27728,Neu-da-thanh-cong-sao-ban-van-phai-lam-viec-70-tiengtuan-le8,139,13,true,2020-02-13T14:40:36.888Z
27077,Tu-Duy-Sang-Suot-Thi-Hiem-Nhung-Long-Can-Dam-Thi-Con-Hiem-Hon-Thien-Tai-kw5,465,23,true,2020-01-20T07:12:13.346Z
26003,Lam-Sao-De-Nguoi-Anh-Giao-Tiep-Bang-Tieng-Anh-Tot-Hon-k2b,130,1,true,2019-12-06T10:21:57.849Z
25458,Di-Kem-Sieu-Tri-Tue-La-Sieu-San-Si-jn6,415,61,true,2019-11-13T08:01:13.829Z
25163,Nguoi-Di-Len-May-Ke-Buoc-Xuong-Dat-Phan-2-Netflix-jez,183,30,true,2019-11-01T02:17:29.381Z
25162,Ke-Len-May-Nguoi-Xuong-Dat-Phan-1-Apple-jeu,188,21,true,2019-11-01T02:16:27.959Z
25004,Love-Her-As-She-Is-Love-Him-As-He-Will-Be-jak,213,23,true,2019-10-25T15:58:35.955Z
24394,Tranh-Luan-va-Hanh-Dong-itm,344,37,true,2019-10-04T16:09:37.876Z
24001,9toTalk-20-Mang-Xa-Hoi-Lotus-Sinh-Ra-De-Lam-Gi-iip,196,32,true,2019-09-18T14:13:27.254Z
23902,Chien-Tranh-Napoleon-Nhim-va-Cao-ifu,115,10,true,2019-09-14T13:13:33.922Z
23616,Cac-Be-Bu-i80,229,22,true,2019-09-02T13:02:31.222Z
23322,Ve-Viec-Viet-hzu,183,13,true,2019-08-20T17:57:59.610Z
23046,Cai-Dep-hs6,117,19,true,2019-08-10T08:56:26.384Z
22588,Vingroup-va-Su-Troi-Day-Day-Nghi-Van-Cua-Mot-De-Che-Kinh-Te-hfg,354,90,true,2019-07-24T05:37:41.213Z
22101,Co-Mat-Nhu-Mu-h1x,428,41,true,2019-07-06T09:28:37.002Z
21786,Mau-Me-Tien-Va-Kinh-Doanh-Cua-Nguoi-Viet-gt6,410,41,true,2019-06-22T12:14:17.870Z
21327,Su-Dung-Ket-Cau-De-Viet-Hay-Hon-ggf,209,17,true,2019-06-02T05:24:34.775Z
21158,Lam-Sao-De-Giau-gbq,262,47,true,2019-05-26T07:25:12.590Z
20619,Nhin-Lai-Viet-Nam-Sau-40-Nam-Nhung-Nguoi-Cong-San-Chien-Thang-Va-Nhung-Ke-Tu-Ban-Suy-Doi-fwr,243,42,true,2019-04-30T05:31:19.277Z
20143,Ban-Co-Thay-Bo-Quan-Ao-Moi-Cua-Nha-Vua-fjj,472,45,true,2019-04-10T06:44:10.920Z
19850,Lich-Su-Trieu-Dinh-Tu-Duc-Doi-Dau-Voi-Nguoi-Phap-Phan-I-fbe,78,9,true,2019-03-28T12:36:49.061Z
19755,Thanh-Pho-Ho-Chi-Minh-Linh-Ho-Tu-Ban-Troi-Day-Khi-Thanh-Pho-Ru-Bo-Qua-Khu-f8r,144,65,true,2019-03-24T02:29:55.489Z
18777,Tam-Su-Nam-Ky-Hoi-2019-Dung-Theo-Duoi-Dam-Me-Tinh-Yeu-hay-Di-Tim-Hanh-Phuc-ehl,386,33,true,2019-02-04T10:35:11.673Z
18475,Sach-Dac-Nhan-Tam-Viet-Ve-Dieu-Gi-Va-Tai-Sao-Sach-Lai-Bi-Tay-Chay-e97,413,81,true,2019-01-21T15:57:14.786Z
18068,Tam-Su-Husky-III-Chung-Ta-Song-Trong-Hai-The-Gioi-dxw,354,46,true,2018-12-31T16:57:49.893Z
17783,Nhung-Bai-Hoc-Kenya-va-Viet-Nam-Co-The-Day-Cho-Nuoc-My-Ve-Ngan-Hang-So-dpz,89,16,true,2018-12-18T06:06:02.008Z
17270,Su-Hieu-Nham-Pho-Bien-Ve-Thuc-Pham-Huu-Co-Cua-Nguoi-Tieu-Dung-dbq,106,8,true,2018-11-25T03:03:28.227Z
17153,Khi-Mua-Sach-Spiderum-Ban-Dang-Dong-Gop-Vao-Dieu-Gi-d8h,228,40,true,2018-11-18T17:44:18.316Z
16653,Drama-Vinasun-Kien-Grab-Hit-Sao-Cho-Bo-Phoi-cul,197,29,true,2018-10-28T03:18:16.878Z
16560,Con-Trai-Con-Gai-Quen-Nhau-Sao-Lai-Kho-cs0,320,64,true,2018-10-23T09:02:06.459Z
16145,Ke-Thu-Khong-Ngo-Cua-Chinh-Phu-Trung-Quoc-Nhung-Nha-Cong-San-Tre-cgh,151,42,true,2018-10-06T12:07:30.562Z
15409,Hau-Qua-Cua-Day-Su-Sai-Lam-Ngheo-Kien-Thuc-Kem-Tu-Duy-Nhung-Ngao-Man-bw1,342,112,true,2018-09-04T16:12:50.037Z
15029,Cac-Ngan-Hang-My-Can-Hoc-Hoi-Gi-Tu-Cuoc-Cach-Mang-Thanh-Toan-Di-Dong-O-Trung-Quoc-blh,83,10,true,2018-08-21T13:24:51.547Z
14671,Nhung-Ki-Vong-Lon-Lao-va-Bon-Cau-Hoi-Danh-Cho-Tan-Sinh-Vien-bbj,235,21,true,2018-08-03T15:10:20.169Z
14153,Nhan-Tai-Trung-Quoc-Dang-Roi-Silicon-Valley-De-Lam-Giau-Tren-Que-Huong-ax5,117,40,true,2018-07-09T08:30:24.989Z
13641,Chuyen-Bieu-Tinh-1006-Neu-Ho-Khong-Phai-La-Nguoi-Viet-Thi-Ho-La-Ai-aix,249,82,true,2018-06-11T11:27:43.782Z
13502,Dac-Khu-Kinh-Te-Noi-Qua-Lech-Lach-va-Nhung-Dieu-Can-Quan-Tam-af2,219,81,true,2018-06-02T23:56:02.203Z
13156,Xa-Hoa-va-Gach-Vun-Cau-Chuyen-O-Thu-Thiem-a5g,102,20,true,2018-05-12T01:23:22.496Z
13106,Lat-Cat-Va-Chuoi-a42,274,34,true,2018-05-09T12:22:20.924Z
12508,Nghi-lon-qua-cac-goc-nhin-vi-mo-9ng,210,29,true,2018-03-28T11:56:15.943Z
12031,Dan-tinh-X-bi-ki-thi-hoc-sinh-truong-xin-ra-di-lam-that-bai-va-gia-tri-cua-Apple-lon-hon-nen-kinh-te-Viet-Nam-9a7,274,25,true,2018-02-23T06:07:53.931Z
11929,Tam-su-nam-moi-2018-Dung-buon-vi-khong-co-dam-me-ban-chi-can-co-su-quan-tam-97d,248,62,null,2018-02-14T16:30:11.062Z
11682,Ben-trong-khu-do-thi-cao-cap-o-Ha-Noi-noi-khong-khi-cung-trong-lanh-hon-90i,195,32,true,2018-01-30T10:17:31.142Z
11520,Suy-nghi-don-gian-khong-giup-cuoc-song-cua-ban-don-gian-8w0,525,91,null,2018-01-19T23:59:50.459Z
11311,Nam-2018-Chung-ta-dang-rat-gan-the-gioi-vien-tuong-8q7,179,50,true,2018-01-07T02:12:47.842Z
11166,Tai-sao-nhung-bai-viet-tren-Spiderum-khong-dung-nhung-ban-van-nen-tiep-tuc-doc-8m6,171,9,null,2017-12-30T11:55:33.499Z
10901,Khoa-hoc-co-phai-chi-la-niem-tin-8et,171,20,true,2017-12-16T00:49:35.748Z
10782,Lieu-chu-cho-nha-ban-bi-thieu-nang-tri-tue-8bi,93,24,true,2017-12-09T11:45:01.301Z
10699,Tiep-can-phai-nu-xac-dinh-4-nhom-phu-nu-qua-3-cau-hoi-897,75,35,null,2017-12-05T04:08:10.517Z
10645,Van-de-o-Viet-Nam-moi-nguoi-song-qua-cam-tinh-va-tu-duy-long-leo-87p,443,74,true,2017-12-01T23:20:31.988Z
10473,Ban-da-hieu-dung-ve-benh-ung-thu-82x,162,41,true,2017-11-23T09:13:45.842Z
10386,Neu-co-the-tu-hoc-o-ben-ngoai-thi-co-can-phai-hoc-dai-hoc-80i,231,45,true,2017-11-18T00:41:45.703Z
10172,Cuoc-song-muon-mau-va-day-su-doi-nghich-7uk,102,29,true,2017-11-06T12:59:16.665Z
10107,Lam-vi-tien-7sr,307,74,true,2017-11-03T01:49:43.248Z
9906,Hon-con-gai-7n6,222,77,null,2017-10-22T00:24:19.483Z
9796,Tam-su-Husky-III-Nhung-quyen-sach-phia-sau-moi-bai-viet-7k4,190,78,true,2017-10-14T10:29:37.641Z
9648,Mot-so-loi-tu-duy-khien-cuoc-song-cua-ban-kho-khan-I-7g0,465,32,true,2017-10-04T12:11:16.982Z
9560,Cac-khoa-hoc-IT-Analytics-tren-EDX-phu-hop-cho-sinh-vien-quan-tri-kinh-doanh-7dk,93,9,true,2017-09-29T09:35:14.991Z
9453,Cam-nhan-sach-Khi-hoi-tho-hoa-thanh-hu-khong-7al,123,16,true,2017-09-22T13:01:28.870Z
9227,Xep-hang-Dai-hoc-Viet-Nam-Hieu-dung-ve-con-so-thong-ke-xep-hang-74b,158,41,true,2017-09-09T13:41:23.816Z
9104,Tai-sao-nguoi-tre-thich-chia-se-hinh-do-an-nuoc-uong-len-mang-xa-hoi-70w,119,43,true,2017-09-02T14:17:54.710Z
9004,Chung-ta-la-mot-the-he-khong-muon-yeu-6u4,237,92,null,2017-08-26T13:12:09.559Z
8907,Ve-viec-phat-am-tieng-Anh-chuan-hay-la-nam-chac-can-ban-6vf,157,37,null,2017-08-19T07:37:11.017Z
8814,An-ninh-mang-nganh-nghe-cua-tuong-lai-6su,82,25,true,2017-08-12T23:19:22.506Z
8797,Lich-su-quan-su-qua-goc-nhin-chuoi-cung-ung-II-6sd,136,29,true,2017-08-11T03:57:15.805Z
8698,Lich-su-quan-su-qua-goc-nhin-chuoi-cung-ung-I-6pm,175,54,true,2017-08-03T12:17:52.047Z
8518,Den-Spiderum-de-nghe-su-bat-dong-6km,124,29,true,2017-07-22T03:54:19.918Z
8357,De-tro-nen-truong-thanh-6g5,192,35,true,2017-07-09T08:34:54.958Z
8209,Tam-su-Husky-II-Hien-thuc-chi-ton-tai-trong-dau-chung-ta-6c1,256,53,true,2017-06-22T12:58:30.927Z
8197,Bai-dich-Thanh-cong-cua-Singapore-la-rat-dang-ne-nhung-khong-de-bat-chuoc-6bp,83,0,null,2017-06-20T21:54:01.368Z
8077,Hai-goc-nhin-ve-chuong-trinh-tap-su-o-McDonald-cua-IvyPrep-68d,50,20,null,2017-06-08T11:28:54.299Z
8038,Lam-sao-de-chong-lai-nguy-khoa-hoc-67a,602,113,true,2017-06-04T00:24:07.551Z
7908,Love-is-not-a-losing-game-English-Tieng-Viet-63o,67,13,null,2017-05-24T07:34:15.553Z
7859,Chien-luoc-de-vao-trai-tim-nang-Phan-1-Chien-luoc-nuoc-My-62b,85,37,null,2017-05-20T00:07:01.509Z
7816,Tai-sao-rut-kinh-nghiem-hoai-ma-ta-van-khong-kha-len-duoc-614,73,26,true,2017-05-16T02:02:54.770Z
7798,Tinh-Co-hay-Dinh-Menh-60m,43,7,null,2017-05-13T22:06:52.283Z
7786,Tim-hieu-ve-kinh-te-hoc-Phan-3-Tai-sao-xay-them-duong-co-the-lam-tang-nan-ket-xe-60a,62,13,true,2017-05-13T03:09:11.951Z
7776,Thi-truong-tu-do-Tim-hieu-ve-he-thong-cham-soc-suc-khoe-cong-dong-cua-Hoa-Ky-600,41,12,true,2017-05-11T23:41:51.071Z
7745,Tim-hieu-ve-kinh-te-hoc-Phan-2-Tu-ban-va-cong-san-5z5,169,66,true,2017-05-09T10:31:12.568Z
7691,Ton-tai-hay-khong-ton-tai-5xn,53,11,true,2017-05-04T21:38:29.161Z
7657,Tim-hieu-ve-kinh-te-hoc-5wp,155,47,true,2017-05-02T11:41:56.070Z
7635,Ban-be-thoi-hien-dai-5w3,69,9,null,2017-04-29T00:56:24.973Z
7544,Mat-den-toi-trong-giao-duc-Nhat-Ban-5tk,160,70,true,2017-04-22T09:59:47.984Z
7516,Tam-su-Husky-Y-nghia-cuoc-song-5ss,95,24,null,2017-04-20T11:45:51.670Z
7465,Ban-co-biet-nhung-gi-ban-khong-biet-5rd,206,32,true,2017-04-15T12:53:40.097Z
7387,Nuoc-My-va-chien-tranh-phan-2-5p7,57,14,true,2017-04-09T02:32:16.238Z
7377,Nuoc-My-va-chien-tranh-phan-1-5ox,43,55,null,2017-04-08T03:22:14.366Z
7322,Cot-loi-cua-viec-lam-giau-5ne,99,12,true,2017-04-03T09:46:38.338Z
7300,Collection-of-creative-short-stories-5ms,44,18,null,2017-03-31T10:29:05.968Z
7279,Viet-ve-phong-trao-tay-chay-thuc-pham-bien-doi-gien-5m7,46,25,true,2017-03-29T08:55:27.585Z
7230,Nhung-dieu-thu-vi-trong-cong-dong-game-5ku,56,22,null,2017-03-26T00:32:27.978Z
7203,Dan-sau-nhung-gi-chung-ta-noi-5k3,58,16,null,2017-03-23T11:59:39.013Z
7142,Dung-trong-cay-vao-vu-tru-chi-co-ban-moi-giup-duoc-ban-thoi-5ie,82,64,true,2017-03-19T04:42:42.540Z
7110,Thiet-ke-luat-choi-trong-xa-hoi-5hi,193,60,true,2017-03-15T11:14:39.560Z
7074,Bon-co-cong-chua-bi-lang-quen-cua-nuoc-Nga-Phan-1-5gi,49,25,true,2017-03-11T12:36:56.934Z
7057,Long-tot-va-tinh-yeu-ben-vung-Phan-2-5g1,79,20,null,2017-03-09T10:56:04.065Z
7035,Long-tot-va-tinh-yeu-ben-vung-Phan-1-5ff,83,18,null,2017-03-07T10:26:44.117Z
6979,Viet-ve-mot-trang-Facebook-chinh-tri-doc-hai-o-Viet-Nam-5dv,121,38,true,2017-03-02T11:36:34.723Z
6917,Truyen-cuoi-o-Lien-Xo-va-Dong-Au-Cong-San-5c5,77,20,null,2017-02-24T10:55:03.377Z
6903,Co-kien-thuc-nao-la-vo-dung-hay-la-tu-duy-lac-hau-ve-giao-duc-5br,164,28,true,2017-02-22T11:59:10.675Z
6832,Hay-thuong-yeu-ban-than-minh-hon-59s,76,9,null,2017-02-16T12:02:43.259Z
6791,Entertainment-There-are-two-types-of-people-in-this-world-58n,54,6,null,2017-02-13T05:13:24.039Z
6759,Tin-tuc-bao-chi-Chuyen-buon-ve-du-bao-Viet-Nam-la-nen-kinh-te-vao-Top-20-the-gioi-nam-2050-57r,33,11,null,2017-02-10T04:54:25.468Z
6715,Hay-de-nhung-con-so-dan-duong-cho-ban-56j,174,34,true,2017-02-06T03:57:22.905Z
6672,Phong-chieu-ban-than-55c,69,16,true,2017-02-02T03:17:31.560Z
6644,Viet-ve-Tet-nam-nay-Dinh-Dau-2017-54k,74,36,true,2017-01-27T07:24:45.687Z
6630,Donald-Trump-va-tieng-noi-tu-nhung-goc-khuat-546,71,14,true,2017-01-25T09:53:21.163Z
6473,Ong-lao-an-xin-va-nu-dai-gia-4zt,41,9,null,2017-01-10T04:10:34.705Z
6430,Mo-rong-the-gioi-roi-hay-tim-dam-me-4um,251,34,true,2017-01-07T15:26:05.422Z
6352,Con-gai-thich-gi-va-Bai-hoc-meo-con-4wg,289,39,true,2017-01-03T04:02:39.878Z
6351,Tu-mot-cau-nguy-bien-4wf,66,8,true,2017-01-03T03:48:22.948Z
30699,Coi-Nguon-Co-Don-nor,159,24,true,2020-04-21T12:26:42.127Z
25162,Ke-Len-May-Nguoi-Xuong-Dat-Phan-1-Apple-jeu,190,21,true,2019-11-01T02:16:27.959Z
22588,Vingroup-va-Su-Troi-Day-Day-Nghi-Van-Cua-Mot-De-Che-Kinh-Te-hfg,355,91,true,2019-07-24T05:37:41.213Z
22101,Co-Mat-Nhu-Mu-h1x,430,41,true,2019-07-06T09:28:37.002Z
20143,Ban-Co-Thay-Bo-Quan-Ao-Moi-Cua-Nha-Vua-fjj,474,45,true,2019-04-10T06:44:10.920Z
18475,Sach-Dac-Nhan-Tam-Viet-Ve-Dieu-Gi-Va-Tai-Sao-Sach-Lai-Bi-Tay-Chay-e97,414,81,true,2019-01-21T15:57:14.786Z
15409,Hau-Qua-Cua-Day-Su-Sai-Lam-Ngheo-Kien-Thuc-Kem-Tu-Duy-Nhung-Ngao-Man-bw1,343,112,true,2018-09-04T16:12:50.037Z
14671,Nhung-Ki-Vong-Lon-Lao-va-Bon-Cau-Hoi-Danh-Cho-Tan-Sinh-Vien-bbj,236,21,true,2018-08-03T15:10:20.169Z
13106,Lat-Cat-Va-Chuoi-a42,275,34,true,2018-05-09T12:22:20.924Z
12508,Nghi-lon-qua-cac-goc-nhin-vi-mo-9ng,211,29,true,2018-03-28T11:56:15.943Z
10645,Van-de-o-Viet-Nam-moi-nguoi-song-qua-cam-tinh-va-tu-duy-long-leo-87p,444,74,true,2017-12-01T23:20:31.988Z
9648,Mot-so-loi-tu-duy-khien-cuoc-song-cua-ban-kho-khan-I-7g0,466,32,true,2017-10-04T12:11:16.982Z
8209,Tam-su-Husky-II-Hien-thuc-chi-ton-tai-trong-dau-chung-ta-6c1,257,53,true,2017-06-22T12:58:30.927Z
8038,Lam-sao-de-chong-lai-nguy-khoa-hoc-67a,605,113,true,2017-06-04T00:24:07.551Z
6430,Mo-rong-the-gioi-roi-hay-tim-dam-me-4um,252,34,true,2017-01-07T15:26:05.422Z
