36352,Thang-Muoi-ke-chuyen-Lam-Me-s1s,81,17,true,2020-10-19T19:00:51.007Z
30083,9toTalk-39-Da-den-luc-nghiem-tuc-noi-ve-suc-khoe-tam-ly-n7n,118,32,true,2020-04-08T14:29:13.307Z
25612,9toTalk-29-Lam-sao-de-giao-duc-khong-tro-thanh-mot-chien-truong-jrg,69,16,true,2019-11-20T15:49:28.007Z
23164,9toTalk-15-Ve-nha-di-con-Da-den-luc-chung-ta-ve-nha-xem-phim-Viet-hvg,38,12,true,2019-08-14T13:44:01.307Z
21395,Em-oi-dung-khoc-gib,155,39,true,2019-06-04T17:51:06.472Z
19612,Com-tam-suon-bi-cha-and-Nhung-nguoi-cau-ky-f4s,134,15,true,2019-03-17T16:28:23.392Z
16035,Tan-man-ve-su-quen-va-Lam-the-nao-de-khong-bi-lang-quen-cdf,72,17,true,2018-09-30T16:23:42.780Z
13040,Lam-the-nao-de-chung-song-voi-nhung-noi-so-a28,81,9,true,2018-05-06T15:17:05.493Z
12139,Vi-sao-that-nghiep-la-trai-nghiem-can-co-voi-nhung-nguoi-o-tuoi-25-9d7,97,42,true,2018-03-03T16:16:51.942Z
9909,When-you-are-20-and-still-watch-cartoons-7n9,44,14,null,2017-10-22T02:47:33.170Z
9460,Lam-gi-de-khoi-am-o-khi-den-nhung-noi-ban-chang-quen-ai-7as,179,17,true,2017-09-23T00:34:15.885Z
9255,Chuyen-chang-tivi-753,30,10,null,2017-09-11T15:23:09.363Z
9168,Vi-sao-lam-nguoi-lon-chan-om-Hay-cau-chuyen-cua-Peter-Pan-va-toi-72o,88,35,true,2017-09-05T17:00:06.062Z
8758,Gan-day-ban-co-suy-nghi-khong-6ra,94,42,true,2017-08-07T11:05:16.298Z
8569,Hayao-Miyazaki-va-nhung-giac-mo-bay-cua-Ghibli-6m1,63,13,true,2017-07-24T16:28:57.942Z
8358,Robot-oi-co-yeu-em-khong-6g6,47,15,true,2017-07-09T10:46:57.259Z
8171,Tai-sao-ban-nen-lam-it-nhat-la-2-cong-viec-cung-mot-luc-6az,106,17,true,2017-06-17T15:55:18.721Z
8094,Lam-the-nao-de-dich-mot-bai-bao-Tieng-Anh-hay-hon-68u,138,17,true,2017-06-10T04:25:09.075Z
7860,Nguoi-no-le-cua-gia-dinh-toi-62c,217,59,true,2017-05-20T02:18:44.214Z
7814,Hanh-phuc-meo-va-Circle-K-612,126,23,true,2017-05-15T17:40:48.389Z
7452,Neu-ban-khong-hanh-phuc-khi-mot-minh-dung-mong-se-vui-hon-khi-o-ben-canh-ai-khac-5r0,68,28,true,2017-04-14T11:37:35.328Z
7348,Khi-lang-im-cung-la-long-tot-5o4,45,14,true,2017-04-06T03:02:05.602Z
7222,andquotDa-den-luc-tro-ve-nha-roiandquot-5km,54,19,true,2017-03-25T13:53:01.296Z
7167,andquotThan-thoai-PRandquot-Lang-im-nghe-toi-ke-chuyen-5j3,37,14,null,2017-03-20T16:23:04.270Z
7037,Chung-ta-khong-thuan-tuy-la-dong-vat-Chung-ta-la-cai-gi-5fh,36,10,true,2017-03-07T12:21:27.255Z
6792,Gioi-tinh-da-anh-huong-toi-suy-nghi-cua-chung-ta-ve-Valentine-nhu-the-nao-58o,44,8,null,2017-02-13T05:16:21.539Z
6723,Chuyen-nghiep-Khong-phai-chuyen-andquotlam-thayandquot-hay-andquotlam-thoandquot-ma-la-andquotlam-chuandquot-56r,38,16,null,2017-02-06T15:45:59.558Z
6651,andquotHanoi-Hannahandquot-Nu-phat-thanh-vien-ngot-ngao-day-am-anh-voi-hang-ngan-linh-My-54r,57,11,true,2017-01-28T17:30:27.668Z
6600,Viet-Nam-cuoc-chien-tranh-da-dinh-hinh-lai-mot-the-he-nguoi-My-53c,60,6,true,2017-01-20T10:03:28.571Z
6494,STEPPS-andquotMo-xeandquot-suc-hut-cua-Bitiand39s-Hunter-duoi-goc-do-Hieu-ung-lan-truyen-50e,42,32,null,2017-01-11T13:15:23.967Z
6318,10-thay-doi-vi-dai-nhat-trong-1000-nam-qua-o-phuong-Tay-4vi,45,16,true,2016-12-31T04:01:15.032Z
6264,Khi-co-gai-mat-trang-tim-thay-chang-trai-mat-troi-hay-giai-phap-thong-minh-cho-tinh-yeu-thoi-hien-dai-4u0,65,32,true,2016-12-27T11:20:00.938Z
6212,Truong-hoc-Hay-day-tre-con-cach-san-sang-cho-cuoc-song-thay-vi-bien-chung-thanh-nhung-co-may-4sk,30,6,null,2016-12-26T05:29:40.866Z
6126,2016-Year-in-Review-Nhung-su-kien-noi-bat-nhat-the-gioi-nam-qua-4q6,26,11,null,2016-12-23T04:13:10.986Z
6069,andquotAnh-co-muon-thay-doi-the-gioiandquot-4ol,30,12,null,2016-12-20T14:18:16.013Z
5986,The-le-cuoc-thi-viet-andquotToi-tre-toi-ngamandquot-viet-cho-tuoi-tre-khong-nhat-mau-4ma,31,18,null,2016-12-16T13:13:00.910Z
5845,Van-hoa-Review-Khi-con-chu-la-con-dao-hai-luoi-4id,53,16,true,2016-12-09T14:29:47.241Z
5680,Tazaki-Tsukuru-khong-mau-va-nhung-nam-thang-hanh-huong-4ds,34,14,null,2016-11-27T03:35:55.196Z
5616,Giao-duc-khai-phong-Hoc-khong-phai-la-gam-co-nguoi-hoc-khong-phai-nhung-con-bo-4c0,39,9,null,2016-11-23T05:58:46.751Z
5297,Noi-that-di-Ban-dang-song-sung-suong-nhung-ban-co-thuc-su-thoa-man-435,39,10,null,2016-11-07T04:21:36.462Z
4937,Debate-6-Di-du-hoc-co-nen-chia-tay-nguoi-yeu-3t5,21,12,null,2016-10-20T04:19:45.753Z
4721,Debate-4-Khong-nen-trao-cho-tat-ca-nguoi-dan-mot-quyen-bau-cu-ngang-nhau-Ban-dong-y-hay-phan-doi-3n5,29,29,null,2016-10-05T12:41:55.629Z
4574,Debate-3-Tieng-Nga-Tieng-Trung-nen-duoc-giang-day-nhu-ngoai-ngu-thu-nhat-Ban-dong-y-hay-phan-doi-3j2,36,60,true,2016-09-28T04:49:19.633Z
4505,Vi-sao-tri-hoan-khong-phai-luc-nao-cung-xau-va-ban-nen-kiem-soat-no-nhu-the-nao-3h5,36,12,null,2016-09-26T04:51:17.201Z
4375,Sang-tao-khong-phai-la-thien-bam-va-hay-lam-theo-8-cach-sau-3dj,32,10,null,2016-09-21T03:48:05.378Z
4321,Debate-2-Loai-nguoi-co-nen-an-thit-hay-khong-3c1,32,42,null,2016-09-19T05:42:01.084Z
4118,Debate-1-Thi-Hoa-Hau-o-Viet-Nam-Giai-tri-hay-Van-hoa-36e,38,9,true,2016-09-12T08:56:56.560Z
3989,andquotMoi-chung-ta-deu-co-nhung-mua-he-ma-sau-do-minh-thay-doiandquot-32t,34,10,null,2016-09-07T04:50:42.632Z
3902,Bao-gio-la-qua-muon-30e,14,27,null,2016-09-03T10:15:50.899Z
3701,Bo-ne-Sai-Gon-2ut,19,8,null,2016-08-25T15:25:53.493Z
3481,Co-ban-ve-Google-Tag-Manager-Phan-2-Huong-dan-tao-event-tracking-2op,13,7,null,2016-08-16T11:18:44.979Z
3388,Huong-dan-su-dung-Google-Tag-Manager-Phan-1-Huong-dan-cai-dat-va-cach-thuc-hoat-dong-2m4,18,0,null,2016-08-12T09:00:11.798Z
3334,Nhung-khoanh-khac-dat-gia-cua-nhan-loai-qua-anh-2km,22,5,null,2016-08-10T10:11:30.179Z
3288,Khoai-tay-Trung-Ca-phe-va-bai-hoc-cuoc-song-2jc,13,9,null,2016-08-08T07:37:29.493Z
3184,Dung-danh-gia-nguoi-khac-qua-ve-be-ngoai-2gg,32,6,null,2016-08-03T03:47:27.241Z
785,CAC-TRANG-WEB-GIUP-BAN-REN-LUYEN-IELTS-lt,55,6,null,2016-03-18T15:17:47.606Z
9460,Lam-gi-de-khoi-am-o-khi-den-nhung-noi-ban-chang-quen-ai-7as,180,17,true,2017-09-23T00:34:15.885Z
