34808,Make-in-Vietnam-phai-chang-chi-don-thuan-la-mot-khau-hieu-quw,65,20,true,2020-08-28T16:53:21.759Z
32570,Spidrama-Vi-du-ve-su-lam-dung-tu-duy-phan-bien-va-cong-kich-ca-nhan-cua-mot-so-bo-phan-tri-thuc-nua-voi-p4q,85,39,true,2020-06-12T03:54:45.902Z
32291,Phan-biet-chung-toc-o-Mi-George-Floyd-va-David-Dorn-owz,55,63,true,2020-06-03T13:40:19.097Z
30754,Chuyen-di-lam-cua-Loveless-trai-nghiem-lan-dau-o-mot-cong-ty-cong-nghe-thong-tin-da-quoc-gia-nqa,157,29,true,2020-04-22T15:33:08.121Z
30521,Mot-su-that-ve-covid-19-moi-mo-hinh-du-doan-khong-the-du-doan-njt,18,83,true,2020-04-17T19:48:27.763Z
29913,Covid-19-va-nhung-dieu-co-the-ban-chua-biet-n2x,83,23,true,2020-04-05T04:58:39.524Z
28089,Hieu-ung-chiec-guong-lo9,65,3,true,2020-02-24T18:30:05.364Z
25958,9toTalk-31-VinMart-Masan-luong-long-nhat-the-lieu-nguoi-tieu-dung-va-hang-Viet-Nam-co-duoc-huong-loi-k12,42,23,true,2019-12-04T14:29:42.004Z
24872,Ve-vu-o-nhiem-nuoc-o-Ha-Noi-cac-nha-giao-mang-dang-o-dau-j6w,85,31,true,2019-10-20T19:17:45.838Z
24160,Thong-diep-gui-toi-tre-em-cua-Scott-Adams-ve-bien-doi-khi-hau-in4,123,37,true,2019-09-25T17:23:08.368Z
23931,Tenki-no-Ko-khong-chi-don-thuan-la-mot-cau-chuyen-ve-tinh-yeu-igr,24,6,true,2019-09-15T20:45:33.327Z
22419,9totalk-Song-xanh-hay-la-nhung-cu-lua-ve-bao-ve-moi-truong-har,59,41,true,2019-07-17T14:24:36.360Z
22283,Tu-da-den-Chua-tu-Chua-den-da-h6z,55,15,true,2019-07-12T06:26:48.248Z
21661,AI-vs-bo-nao-con-nguoi-gpp,57,0,true,2019-06-15T17:34:38.165Z
21626,Quantum-love-goq,12,6,true,2019-06-14T04:04:26.295Z
21520,Animemanga-master-race-gls,30,8,true,2019-06-09T12:59:39.484Z
21298,Not-every-hero-wears-cape-gfm,44,2,true,2019-05-31T15:51:28.076Z
21031,Phai-chang-ban-dang-hieu-sai-ve-vat-ly-luong-tu-g87,23,11,true,2019-05-20T04:49:27.486Z
20963,Oyasumi-Punpun-g6b,27,6,true,2019-05-16T22:16:13.907Z
20695,Duong-thang-va-ho-den-fuv,28,49,true,2019-05-03T18:55:10.484Z
20505,Khoa-hoc-va-dai-chung-ftl,39,31,true,2019-04-25T06:49:50.993Z
20233,Crowd-wisdom-moral-license-and-how-far-you-can-go-to-frame-someone-wrong-fm1,21,3,true,2019-04-13T09:21:54.117Z
20214,Logic-monster-fli,24,6,true,2019-04-12T15:38:52.918Z
19259,Trump-Kim-va-truyen-thong-euz,72,12,true,2019-03-01T08:04:35.184Z
18195,A-collection-of-random-thoughts-e1f,26,3,true,2019-01-07T08:28:30.166Z
17740,Chi-phi-vo-hinh-cua-cach-mang-xanh-P1-may-phat-dien-bang-suc-gio-dos,87,38,true,2018-12-15T19:28:28.027Z
17657,Power-Hungry-nhung-cu-lua-den-tu-cai-goi-la-nang-luong-xanh-dmh,36,67,true,2018-12-11T15:43:19.676Z
17529,1-cai-ten-2-quan-diem-Its-time-for-some-Spi-do-ramaaa-dix,166,109,true,2018-12-05T21:52:27.742Z
16175,Jagaaaaaan-When-desire-becomes-a-monster-chb,40,5,true,2018-10-07T21:05:55.123Z
15912,WHAT-IF-Lieu-Maquia-va-Ariel-co-the-co-mot-ket-cuc-khac-ca0,17,3,true,2018-09-25T05:57:36.542Z
15597,Boi-vi-hom-nay-buon-hon-moi-ngay-c19,57,13,true,2018-09-12T21:47:11.794Z
15506,Giao-duc-dinh-kien-cong-dong-mang-va-vi-sao-moi-thu-deu-khong-tot-hoac-te-nhu-ban-nghi-buq,53,25,true,2018-09-08T20:47:13.099Z
15441,Ask-me-anything-version-me-bwx,24,53,true,2018-09-05T20:16:50.942Z
15194,lessemgreaterTuoi-tre-dang-gia-bao-nhieulessemgreater-voi-Three-days-of-happiness-bq2,72,39,true,2018-08-28T01:30:13.088Z
14758,Song-that-voi-ban-than-bdu,40,23,true,2018-08-08T00:13:33.735Z
14583,Allergy-to-humans-b93,26,22,true,2018-07-29T21:06:28.787Z
14266,The-demon-inside-b0a,19,9,true,2018-07-14T23:46:33.351Z
13393,Thoi-tre-trau-cua-Loveless-ac1,119,27,true,2018-05-27T22:02:24.820Z
13225,Cai-them-nha-a7d,59,12,true,2018-05-15T18:11:56.809Z
12668,To-lai-cung-Mark-Zuckerberg-P1-9rw,60,4,true,2018-04-16T07:47:10.286Z
12393,The-Theory-of-Everything-2014-cuoc-song-doi-thuong-cua-Stephen-Hawking-9k9,31,7,true,2018-03-19T20:48:42.767Z
11791,Facebook-friends-93j,39,18,null,2018-02-05T18:11:10.230Z
11654,Tu-U23-toi-Dan-Hauer-Nhung-vi-du-sinh-dong-cho-van-hoa-toi-te-cua-cu-dan-mang-Viet-Nam-8zq,101,220,true,2018-01-28T22:27:21.960Z
11401,Chuyen-ay-nam-o-dau-trong-cuoc-song-cua-ban-8sp,55,36,true,2018-01-11T16:28:42.155Z
11230,The-ending-8nu,9,3,null,2018-01-01T21:29:11.885Z
11195,Thank-you-Spiderum-8mz,32,6,null,2017-12-31T16:03:11.499Z
11139,White-Album-2-8lf,14,3,null,2017-12-29T07:31:59.702Z
10773,Trai-nghiem-hieu-biet-va-phan-xet-8b9,76,20,true,2017-12-08T17:57:08.236Z
10625,Thanh-xuan-cua-toi-ra-di-nhu-vay-day-875,47,11,null,2017-11-30T20:11:08.699Z
10446,At-a-wedding-826,11,0,null,2017-11-21T20:17:08.828Z
10178,Please-dont-love-me-7uq,32,6,null,2017-11-06T16:23:26.843Z
9850,Co-ti-phu-minh-hoa-sinh-dong-cho-su-xau-xa-cua-chu-nghia-tu-ban-7lm,86,6,true,2017-10-17T20:37:18.284Z
9347,Koi-to-Uso-dau-moi-la-tinh-yeu-dich-thuc-77n,10,1,null,2017-09-15T19:47:44.908Z
9072,Tinh-yeu-lang-mang-do-dep-nhu-ban-nghi-700,167,16,true,2017-08-30T21:04:24.501Z
9071,Tsuki-ga-Kirei-cau-chuyen-cam-dong-ve-tinh-yeu-hoc-tro-6zz,17,3,null,2017-08-30T18:10:39.365Z
8972,usefulness-or-happiness-6x8,33,16,null,2017-08-24T22:31:52.485Z
8743,Hachiman-Hikigaya-va-triet-ly-cua-ke-co-don-6qv,43,20,null,2017-08-06T21:29:57.174Z
8595,A-really-long-collection-of-thoughts-6mr,16,3,null,2017-07-26T21:20:37.011Z
8534,Van-hoa-2D-cua-Nhat-Ban-anime-manga-va-cac-thu-khac-6l2,35,32,null,2017-07-22T19:03:59.550Z
8378,Neu-ai-cung-tro-nen-dac-biet-thi-chang-co-gi-la-dac-biet-ca-6gq,70,16,true,2017-07-10T15:11:42.140Z
8306,Tiep-tuc-di-tim-uoc-mo-va-chut-chia-se-ve-viec-viet-lach-cua-minh-6eq,25,7,null,2017-07-03T20:25:05.857Z
8245,Man-ban-ve-chuyen-di-hay-o-cung-nhu-ve-hien-thuc-6d1,77,25,true,2017-06-27T21:56:42.295Z
8083,Some-thought-experiments-about-love-and-relationship-68j,15,5,null,2017-06-08T21:10:17.704Z
8041,Bien-doi-khi-hau-dau-la-mat-xich-quan-trong-nhat-67d,19,7,null,2017-06-04T07:32:21.175Z
7277,2017-va-ke-thu-moi-cua-the-gioi-5m5,13,3,null,2017-03-28T19:42:17.791Z
7251,De-tim-lai-uoc-mo-da-mat-5lf,22,3,null,2017-03-27T16:24:37.541Z
7240,A-lost-love-5l4,18,5,null,2017-03-26T20:51:10.364Z
8743,Hachiman-Hikigaya-va-triet-ly-cua-ke-co-don-6qv,44,20,null,2017-08-06T21:29:57.174Z
