31244,O-nha-tranh-dich-doc-Ring-Trilogy-o3w,27,1,true,2020-05-05T08:52:05.144Z
30174,Doi-song-Game-hoa-na6,56,1,true,2020-04-10T04:23:43.300Z
27902,Tua-game-Chore-Wars-da-giup-nhung-nguoi-luoi-lam-viec-nha-nhu-the-nao-lj2,32,1,true,2020-02-19T04:21:46.836Z
26406,Cau-chuyen-ben-noi-lau-kdi,86,14,true,2019-12-23T16:14:49.417Z
25852,Ngay-mai-toi-bang-tuoi-anh-ju4,16,0,true,2019-11-30T14:24:19.501Z
24497,Ban-tuyen-ngon-Choi-game-co-Giao-duc-iwh,93,36,true,2019-10-07T16:22:39.984Z
23313,Kefka-Palazzo-Su-dien-loan-va-chu-nghia-hu-vo-hzl,43,4,true,2019-08-20T17:19:25.265Z
22973,9toTalk-Loi-di-nao-cho-game-su-Viet-hq5,30,29,true,2019-08-07T11:49:36.435Z
21585,Bao-lau-roi-ban-khong-sang-tac-gnl,59,7,true,2019-06-12T13:01:25.945Z
20306,Tam-su-co-vo-tre-fo2,35,10,true,2019-04-17T08:30:48.108Z
19590,Thiet-ke-cach-game-ke-chuyen-f46,47,4,true,2019-03-16T15:36:43.816Z
19036,Toan-xac-suat-cho-tre-con-moi-tap-doc-eos,57,9,true,2019-02-18T10:32:30.849Z
17851,De-linh-hon-cha-la-vinh-cuu-WIRED-drv,35,4,true,2018-12-21T09:53:30.861Z
14941,Catum-Lab-Chuyen-startup-lam-game-bj1,97,57,true,2018-08-16T17:25:20.053Z
13524,Tu-duy-lap-trinh-phuc-vu-cuoc-song-afo,186,35,true,2018-06-04T17:28:11.998Z
12313,Video-Game-co-phai-la-Nghe-thuat-9i1,49,14,true,2018-03-14T10:08:46.415Z
12126,Tram-tu-mac-tuong-va-viec-pha-buc-tuong-thu-tu-9cu,41,2,false,2018-03-02T07:31:44.528Z
11116,Su-kien-Video-Game-de-lam-gi-8ks,18,5,null,2017-12-27T05:57:05.216Z
10629,Toi-la-Hung-Vu-Ask-me-Anything-879,20,30,null,2017-12-01T04:40:42.786Z
10404,Suikoden-II-810,16,4,null,2017-11-19T11:16:03.501Z
10215,Khong-duoc-Hoang-Viet-oi-7vr,87,31,true,2017-11-08T06:05:11.578Z
8979,Khi-Van-may-trong-cac-Tro-choi-bi-Thao-tung-6xf,49,12,true,2017-08-25T07:58:45.981Z
8686,Sau-30-nam-co-nguoi-van-moi-mon-tim-cach-cuu-video-game-6pa,33,8,null,2017-08-02T08:23:24.384Z
8658,Anh-vua-bao-anh-lam-Game-Designer-6oi,88,33,true,2017-07-31T10:56:34.848Z
8643,Ens-yen-Vong-tron-tam-linh-cua-nguoi-Nhat-6o3,35,6,true,2017-07-30T13:51:30.246Z
8638,LOI-NGUYEN-HON-LUC-BAO-BAHIA-6nu,27,4,null,2017-07-30T00:02:39.521Z
8584,Neil-Gaiman-Hay-lam-nghe-thuat-dep-6mg,45,7,true,2017-07-26T06:54:00.589Z
8575,Shibui-My-cam-tinh-te-cua-nguoi-Nhat-6m7,40,8,true,2017-07-25T09:00:08.384Z
8538,Toi-chi-la-mot-dua-tre-nguoc-nhin-len-nhung-vi-sao-6l6,39,25,null,2017-07-23T07:57:34.940Z
8474,Tam-biet-Wayne-6je,28,3,null,2017-07-19T03:07:32.636Z
8459,Pixel-Art-My-thuat-diem-anh-6iz,40,8,true,2017-07-18T03:43:32.837Z
8436,E-MAG-Ys-Khuc-Hung-ca-Lang-thang-6ic,13,5,null,2017-07-16T13:23:26.163Z
8391,Cyberpunk-Mat-trai-cua-Tuong-lai-6h3,121,40,true,2017-07-12T14:54:29.868Z
8297,Doi-loi-ve-Sweep-Over-the-Dance-Hall-6eh,19,2,null,2017-07-03T04:48:35.294Z
8158,Kem-ca-cho-Nguoi-sang-tao-6am,39,8,true,2017-06-16T09:41:34.472Z
7985,Truyen-ngan-Ngoan-65t,24,4,null,2017-05-30T08:52:27.348Z
7588,Khoa-hoc-and-Niem-tin-5us,33,7,true,2017-04-26T04:40:01.251Z
7531,Vietsub-The-Witness-Noclip-Documentary-5t7,14,5,null,2017-04-21T15:47:51.445Z
7417,Chuyen-cua-Ki-5q1,32,20,null,2017-04-11T03:00:41.224Z
7388,Notes-on-Bioshock-Infinite-5p8,16,4,null,2017-04-09T04:19:53.336Z
7372,Luc-hap-dan-Chat-keo-dinh-cua-vu-tru-va-van-vat-5os,23,20,true,2017-04-07T15:44:36.020Z
7236,Kill-la-Kill-va-su-Re-tientm-5l0,23,3,null,2017-03-26T12:57:07.999Z
7216,Writing-Exercise-The-V-2-of-Freedom-5kg,21,4,null,2017-03-24T13:15:23.022Z
7199,Lich-su-nganh-Game-den-2005-5jz,31,20,null,2017-03-23T06:20:01.098Z
7171,Co-lon-muon-bi-an-thit-5j7,39,23,null,2017-03-21T05:51:54.192Z
7162,Awe-Cam-xuc-thu-11-5iu,24,8,null,2017-03-20T07:36:04.614Z
7153,Whisper-of-the-Heart-1995-5ip,34,8,null,2017-03-19T15:17:20.165Z
7151,Miegakure-5in,30,12,null,2017-03-19T13:47:52.865Z
7150,Sung-Gauss-5im,24,12,null,2017-03-19T13:38:46.922Z
