35430,Minh-noi-gi-khi-noi-ve-kenh-Spiderum-Youtube-rc6,124,32,true,2020-09-17T12:28:22.109Z
28985,9toTalk-36-Hoc-duoc-gi-tu-nhung-he-qua-kinh-te-do-dich-Covid-19-tai-Viet-Nam-md5,81,15,true,2020-03-18T14:21:58.443Z
27160,Spiderum-2019-Mot-nam-Clutch-kug,199,19,true,2020-01-24T18:38:50.755Z
26453,9toTalk-34-Ban-con-6-ngay-de-hoan-thanh-cac-muc-tieu-cua-nam-2019-lam-gi-bay-gio-ket,47,16,true,2019-12-25T14:35:27.509Z
24156,9totalk-21-Tre-em-co-nen-tham-gia-thao-luan-cac-van-de-buc-xuc-trong-xa-hoi-in0,89,173,true,2019-09-25T14:32:44.954Z
23630,Try-hard-liem-si-va-nhung-thu-khac-i8e,369,69,true,2019-09-02T20:05:07.767Z
21918,Gap-Tim-dam-ba-anh-em-Nhen-tien-phong-thu-nghiem-Spiderum-Mobile-App-gwu,81,39,true,2019-06-28T14:09:40.219Z
21550,Di-nhieu-de-lam-gi-gmm,111,12,true,2019-06-10T17:59:37.647Z
21177,Co-nhieu-de-lam-gi-gc9,594,137,true,2019-05-26T17:33:13.981Z
14812,Tai-sao-bo-me-khong-lang-nghe-ban-bfg,149,18,true,2018-08-10T23:07:15.696Z
13909,Tai-sao-minh-se-luon-ung-ho-Viet-Su-Kieu-Hung-aqd,94,18,true,2018-06-25T15:13:13.273Z
13650,Tu-dac-khu-toi-bao-dong-Chung-ta-cu-thoa-ma-nhau-de-lam-gi-aj6,131,32,true,2018-06-11T21:54:35.145Z
13363,Tien-o-dau-Dau-o-do-ab7,319,53,true,2018-05-25T04:53:30.000Z
11506,Dang-ky-Gap-mat-Spiderum-tai-TPHCM-28012018-8vm,37,27,null,2018-01-19T04:32:49.281Z
11364,Offline-Spiderum-2018-8ro,55,61,null,2018-01-09T19:25:55.681Z
11156,Tong-hop-bai-viet-hay-tren-Spiderum-nam-2017-8lw,62,20,null,2017-12-29T20:33:14.923Z
10985,Hieu-ung-Werther-Tai-sao-nen-ngung-ngay-viec-khai-thac-va-dua-tin-ve-nguoi-tu-van-nhu-hien-tai-8h5,230,52,true,2017-12-21T16:06:50.355Z
10653,AMA-Tra-loi-bang-tho-87x,40,34,null,2017-12-02T09:16:46.507Z
10461,Hop-tac-Monster-Box-va-Spiderum-Chap-canh-tri-thuc-Viet-82l,119,48,null,2017-11-22T19:20:49.816Z
9905,Toi-hoc-duoc-gi-khi-la-mot-van-dong-vien-7n5,169,44,true,2017-10-21T23:18:53.643Z
9419,Hanh-phuc-thoi-la-chua-du-79n,93,32,true,2017-09-20T03:23:37.435Z
9065,Vi-sao-nhieu-du-dinh-cua-ban-se-mai-mai-chi-la-du-dinh-6zt,199,34,true,2017-08-30T12:49:19.411Z
9016,Chuyen-tai-hop-cung-cong-ty-cu-Buoc-chan-di-ngai-gi-tro-lai-6ug,45,6,null,2017-08-27T12:07:01.118Z
8691,10-chi-tiet-ban-co-the-bo-lo-o-tap-moi-nhat-s7ep3-Game-of-Thrones-6pf,34,18,null,2017-08-02T10:47:55.573Z
8511,Spiderum-Cau-chuyen-ve-ly-tra-da-va-su-hinh-thanh-mot-cong-dong-tri-thuc-kieu-moi-6kf,159,90,true,2017-07-21T09:19:56.596Z
8385,Giac-mo-My-dang-giet-chet-nguoi-My-nhu-the-nao-6gx,168,46,true,2017-07-12T08:58:43.016Z
8281,Lam-the-nao-de-viet-tot-hon-6e1,131,38,true,2017-07-01T08:31:37.243Z
8033,Chuyen-Startup-Hoi-ky-FPT-buoi-dau-Nguyen-Chi-Cong-Phan-1-675,33,2,null,2017-06-03T03:58:40.202Z
7994,Nguoi-thanh-dat-thuong-co-nhung-thoi-quen-gi-662,177,18,true,2017-05-31T05:04:42.850Z
7649,3041975-Chien-tranh-truyen-thong-va-cuoc-thao-chay-trong-hon-loan-5wh,73,26,false,2017-05-01T06:36:46.250Z
7362,Goc-tuyen-dung-Spiderum-tuyen-cong-tac-vien-noi-dung-cho-mang-Business-5oi,38,15,null,2017-04-07T04:42:49.009Z
7306,Nhung-cu-lua-lich-su-cua-cac-hang-truyen-thong-quoc-te-trong-ngay-Ca-thang-Tu-5mu,40,6,null,2017-04-01T10:48:20.306Z
7291,CEO-VietJet-Air-Nguyen-Thi-Phuong-Thao-va-hanh-trinh-vuon-toi-gia-tai-ty-do-5mj,58,24,true,2017-03-30T05:01:10.038Z
7102,Au-dam-Tam-gac-lai-su-gian-du-con-nhieu-dieu-chung-ta-phai-hoc-cho-cuoc-chien-bao-ve-tuong-lai-5ha,41,16,null,2017-03-14T18:24:58.574Z
7016,Chuyen-Startup-p2-Khi-khoi-nghiep-khong-phai-mau-hong-5ew,33,0,null,2017-03-06T04:14:12.340Z
6963,Chuyen-Startup-p1-Tu-Snapchat-ban-chuyen-tram-ngan-ly-do-founders-cac-startup-lon-andquotda-nhau-ra-duongandquot-5df,38,7,null,2017-03-01T05:35:47.878Z
6957,Cam-nhan-sau-liveshow-Hen-gap-lai-andquotTinh-anh-emandquot-dac-san-dan-da-cua-rock-Viet-5d9,22,3,null,2017-02-28T09:04:52.422Z
6909,THONG-BAO-OFFLINE-SPIDERUM-LAN-1-TAI-HA-NOI-5bx,43,31,null,2017-02-23T05:11:31.789Z
6879,Chien-tranh-bien-gioi-1979-va-canh-bac-cua-Dang-Tieu-Binh-p3-Nhung-dieu-duoc-mat-5b3,63,3,true,2017-02-20T08:37:43.623Z
6841,Chien-tranh-bien-gioi-1979-va-canh-bac-cua-Dang-Tieu-Binh-p2-Chien-tranh-no-ra-5a1,73,35,true,2017-02-17T10:42:12.612Z
6817,Chien-tranh-bien-gioi-1979-va-canh-bac-cua-Dang-Tieu-Binh-p1-Nguyen-nhan-va-chuan-bi-59d,78,43,true,2017-02-15T07:30:33.844Z
6675,Project-Yolocaust-va-loi-canh-tinh-cho-cach-the-hien-su-ton-trong-o-cac-di-tich-lich-su-55f,41,12,null,2017-02-02T09:02:39.754Z
6671,Nhung-nguoi-tri-thuc-Viet-tai-Phap-va-quyet-dinh-ve-nuoc-mang-tinh-lich-su-55b,45,11,true,2017-02-01T07:07:44.529Z
6647,Writing-Challenge-2017-cho-mot-nam-ruc-ro-cung-Spiderum-54n,39,43,null,2017-01-27T17:30:25.029Z
6626,Dai-tuong-Le-Trong-Tan-Ba-lan-andquotcaiandquot-chi-huy-va-danh-xung-vi-tuong-danh-tran-gioi-nhat-trong-lich-su-hien-dai-Viet-Nam-542,55,20,true,2017-01-25T07:06:28.385Z
6573,Thong-bao-UPDATE-Spiderum-part-2-52l,55,55,null,2017-01-18T05:27:18.756Z
6529,Sinh-no-trong-moi-truong-nhan-tao-Buoc-dot-pha-cong-nghe-hay-hanh-dong-di-nguoc-lai-le-tu-nhien-51d,43,59,true,2017-01-14T05:19:35.418Z
6205,Le-Duc-Tho-Henry-Kissinger-Nhung-cuoc-dam-phan-bi-mat-va-giai-Nobel-bi-tu-choi-4sd,95,33,true,2016-12-26T03:01:49.512Z
5932,Doc-tai-duoi-mot-goc-nhin-khac-p2-Nuoc-Nga-va-Vladimir-Putin-ep1-4ks,54,25,null,2016-12-14T08:53:05.158Z
5857,Spiderums-event-Talkshow-Nhung-con-chu-quyen-luc-4ip,32,5,null,2016-12-10T05:47:23.996Z
5799,Doi-mat-voi-stress-Quan-trong-la-thai-do-4h3,28,20,null,2016-12-06T12:39:40.413Z
5755,andquotDoc-taiandquot-va-mot-cach-nhin-khac-p1-Libya-va-Muammar-Gaddafi-4fv,65,39,null,2016-12-02T10:17:50.147Z
5669,Fidel-Castro-Vinh-biet-mot-nha-lanh-dao-hiem-co-trong-lich-su-4dh,53,24,null,2016-11-26T07:18:28.747Z
5652,Book-review-Co-nen-doc-andquotHoa-thanandquot-Franz-Kafka-4d0,32,38,null,2016-11-25T05:39:19.128Z
5494,Ba-chu-Spiderum-part-2-Lam-chu-Text-Editor-va-xay-dung-hinh-anh-ca-nhan-48m,20,16,null,2016-11-17T11:45:51.370Z
5371,Toi-tat-ca-thanh-vien-Spiderum-Tam-su-ngay-gio-mua-457,36,71,null,2016-11-10T12:14:35.089Z
5262,Ba-chu-Spiderum-part-1-Dieu-chinh-noi-dung-ban-nhin-thay-tren-trang-chu-426,28,30,null,2016-11-05T06:45:48.334Z
5181,Thong-bao-BIG-UPDATES-Spiderum-3zx,42,40,null,2016-11-02T03:58:50.323Z
4851,Tommy-Emmanuel-andamp-bai-TED-talk-nhung-nguoi-yeu-am-nhac-khong-the-bo-qua-3qr,28,5,null,2016-10-13T09:49:45.955Z
