40401,Deep-Work-Ky-cung-chuyen-tam-v69,127,22,true,2020-11-13T09:09:23.481Z
36453,Tam-ly-hoc-cua-su-thay-doi-ban-than-s4l,257,22,true,2020-10-23T08:24:59.896Z
31885,Hoang-tu-be-ghe-tham-hanh-tinh-Spiderum-olp,80,6,true,2020-05-23T01:40:35.456Z
26033,Cai-Toi-va-su-co-don-k35,195,51,true,2019-12-08T00:40:45.240Z
24405,Gia-tri-cua-Khoa-hoc-itx,66,8,true,2019-10-05T01:22:45.539Z
22570,Mat-trai-cua-Tu-duy-tich-cuc-heu,217,50,true,2019-07-23T09:55:49.887Z
21089,Niem-vui-chong-tan-va-Niem-vui-vung-ben-g9t,647,71,true,2019-05-23T03:27:36.584Z
19217,Kho-so-vay-co-dang-chang-ett,172,14,true,2019-02-27T09:45:26.897Z
15488,Sapiosexual-hen-ho-cung-phai-hop-thoi-bu8,721,119,true,2018-09-08T04:14:53.775Z
15005,Toi-tu-hoc-Thu-Giang-Nguyen-Duy-Can-bkt,115,16,true,2018-08-20T12:34:13.892Z
13082,Dung-yeu-mot-co-gai-thich-doc-sach-a3e,92,16,false,2018-05-08T04:51:11.790Z
40605,Tim-lai-dua-be-trong-ta-vbx,58,10,true,2020-11-21T01:30:24.078Z
40401,Deep-Work-Ky-cung-chuyen-tam-v69,131,22,true,2020-11-13T09:09:23.481Z
36453,Tam-ly-hoc-cua-su-thay-doi-ban-than-s4l,259,23,true,2020-10-23T08:24:59.896Z
31885,Hoang-tu-be-ghe-tham-hanh-tinh-Spiderum-olp,81,6,true,2020-05-23T01:40:35.456Z
26033,Cai-Toi-va-su-co-don-k35,196,51,true,2019-12-08T00:40:45.240Z
22570,Mat-trai-cua-Tu-duy-tich-cuc-heu,218,50,true,2019-07-23T09:55:49.887Z
15488,Sapiosexual-hen-ho-cung-phai-hop-thoi-bu8,724,119,true,2018-09-08T04:14:53.775Z
15005,Toi-tu-hoc-Thu-Giang-Nguyen-Duy-Can-bkt,116,16,true,2018-08-20T12:34:13.892Z
