40451,Suc-manh-cua-Loi-Khen-v7n,181,18,true,2020-11-15T23:32:35.068Z
40281,Lam-nguoi-lon-kho-nhat-la-gi-v2x,222,19,true,2020-11-09T02:29:00.929Z
36487,Day-Nhau-Yeu-s5j,251,19,true,2020-10-25T05:28:05.304Z
35820,Phu-nu-that-tuyet-voi-rn0,240,19,true,2020-10-01T03:24:38.077Z
34898,Goodnice-boy-Co-gi-dang-tu-hao-qxe,197,13,true,2020-08-31T11:01:09.963Z
34774,Hay-La-Mot-Influencer-Co-Trach-Nhiem-qtu,129,4,true,2020-08-27T13:57:33.624Z
34537,Let-It-Be-Let-It-Be-qnd,178,18,true,2020-08-19T11:38:11.863Z
34014,13-nam-khong-chiu-thua-Tram-Cam-q8u,189,23,true,2020-08-02T02:54:25.771Z
33146,Love-va-In-Love-pkq,256,39,true,2020-07-02T02:04:38.736Z
32731,Hon-Nhan-Nen-Co-Ly-Tri-p97,92,6,true,2020-06-17T05:10:57.456Z
31747,May-khong-may-may-ohv,57,3,true,2020-05-18T12:21:25.011Z
31585,Tieng-Anh-vs-IELTS-Day-vs-Hoc-odd,105,19,true,2020-05-13T23:34:10.124Z
31157,Ban-la-ai-Ban-lam-vay-de-lam-gi-Va-ban-muon-lam-gi-o1h,202,29,true,2020-05-03T06:21:29.411Z
30999,Nguoi-noi-loi-hay-y-dep-thuong-nx3,169,39,true,2020-04-28T13:53:02.424Z
30648,Em-a-tham-thoi-dung-tham-qua-nnc,324,109,true,2020-04-20T13:00:07.809Z
30255,Phong-van-xin-viec-chi-voi-su-thanh-that-ncf,118,27,true,2020-04-12T06:40:32.827Z
30018,Lay-long-bo-me-vo-tuong-lai-n5u,67,7,true,2020-04-07T08:51:26.743Z
29443,Chon-vo-mpv,180,30,true,2020-03-27T04:45:09.085Z
28630,Chon-chong-m3a,151,27,true,2020-03-11T05:09:42.411Z
28296,Dieu-gi-good-boy-nen-biet-khi-di-tan-gai-lu0,206,53,true,2020-03-01T10:46:48.473Z
27040,Phe-binh-dung-cach-kv4,48,8,true,2020-01-18T16:33:37.680Z
26471,Anh-em-a-tan-gai-la-phai-co-TIEN-kfb,184,46,true,2019-12-26T12:13:29.034Z
26119,Nhung-sai-lam-du-hoc-sinh-Uc-de-mac-phai-k5j,22,8,true,2019-12-11T04:56:42.511Z
24855,Toi-chi-can-mot-tinh-yeu-toa-sang-giua-bien-co-j6f,45,9,true,2019-10-20T11:43:26.207Z
24301,Dan-ong-chap-nhan-mem-yeu-de-tro-nen-ban-linh-ir1,121,16,true,2019-10-02T03:59:15.147Z
23653,To-tinh-noi-cong-cong-cu-can-than-i91,32,5,true,2019-09-04T02:59:05.861Z
22148,Dinh-kien-khong-sai-h38,178,38,true,2019-07-08T05:08:39.447Z
21678,Haizz-kieu-gi-cung-van-phai-uong-ruou-thoi-gq6,63,22,true,2019-06-16T11:06:44.885Z
21400,Dung-chi-hoc-tieng-Anh-de-thi-tho-gig,148,13,true,2019-06-05T03:55:10.543Z
20836,Tam-tu-ve-Song-Hoa-Thuan-vs-Tinh-Yeu-g2s,50,3,true,2019-05-11T00:57:22.697Z
20544,Xau-la-xau-khong-lang-nhang-fuo,303,55,true,2019-04-27T01:55:14.883Z
20175,Nhac-gi-cung-nhay-fkf,94,7,true,2019-04-11T08:45:53.568Z
19870,Nhung-dieu-canh-dan-ong-khong-muon-cho-cac-chi-em-biet-fbu,135,35,true,2019-03-30T00:49:20.084Z
19543,TUC-GIAN-YEU-DUOI-f2v,88,40,true,2019-03-14T07:31:16.937Z
19122,Xay-dung-suc-khoe-tinh-than-tu-som-nho-Tu-Duy-Phan-Bien-er6,191,14,true,2019-02-21T13:49:38.660Z
18664,Ai-kho-vi-ai-eeg,40,3,true,2019-01-29T05:30:56.887Z
18463,Ban-co-biet-cuoi-vao-matminh-chua-e8v,189,12,true,2019-01-21T03:55:20.268Z
18372,Nhung-dieu-cac-trung-tam-du-hoc-khong-noi-khi-di-du-hoc-Uc-e6c,91,21,true,2019-01-16T12:41:48.072Z
18175,Xin-dung-bat-bon-con-tra-no-tinh-e0v,172,42,true,2019-01-06T10:54:42.587Z
17709,Anh-ta-khong-co-hung-thu-voi-ban-dau-dnx,48,2,true,2018-12-14T15:44:37.930Z
17438,Du-hoc-tam-ly-hoc-va-tinh-to-mo-da-thay-doi-cuoc-doi-toi-the-nao-phan-cuoi-dge,66,4,true,2018-12-02T03:03:28.275Z
17004,Du-hoc-tam-ly-hoc-va-tinh-to-mo-da-thay-doi-cuoc-doi-toi-nhu-the-nao-phan-2-d4c,84,10,true,2018-11-12T09:18:58.825Z
16937,Du-hoc-tam-ly-hoc-va-tinh-to-mo-da-thay-doi-cuoc-doi-toi-nhu-the-nao-Phan-1-d2h,82,9,true,2018-11-10T04:45:52.942Z
16618,Tuong-lai-hai-dua-va-suc-ep-len-dan-ong-ctm,128,13,true,2018-10-26T12:04:39.103Z
16585,Day-con-kieu-Doc-Doan-va-nhung-he-qua-csp,46,4,true,2018-10-24T11:03:26.355Z
16519,Chuyen-tinh-yeu-dung-lai-hay-di-tiep-cqv,36,2,true,2018-10-21T10:45:15.981Z
16418,Nhung-ky-nang-giao-tiep-don-gian-ma-hieu-qua-co2,139,6,true,2018-10-17T12:42:36.521Z
16284,Tai-sao-trai-hu-lai-hap-dan-phu-nu-ckc,143,31,true,2018-10-12T15:38:05.751Z
16230,Lam-the-nao-de-tro-thanh-mot-Con-Nguoi-Ly-Tuong-ciu,74,13,true,2018-10-10T12:02:31.881Z
16111,Tan-man-ve-tinh-de-cua-dan-ong-chung-toi-cfj,114,23,true,2018-10-04T13:23:03.208Z
16040,Tu-Duy-Nao-Giup-Ban-Thanh-Cong-cdk,79,6,true,2018-10-01T04:27:41.129Z
15886,Chung-Ta-Co-Thuc-Su-Lam-Moi-Thu-Vi-Nguoi-Khac-c9a,75,18,true,2018-09-24T12:23:29.981Z
15745,Tam-quan-trong-cua-an-tuong-dau-tien-c5d,99,7,true,2018-09-19T00:33:19.457Z
15684,Tam-Ly-Hoc-Ve-Hien-Tuong-Tha-Thinh-c3o,113,17,true,2018-09-17T05:34:46.179Z
15637,Phu-nu-can-gi-Dan-ong-can-gi-c2d,51,6,true,2018-09-15T06:59:49.007Z
15570,Tai-sao-ta-hay-cai-nhau-va-cach-giu-lua-tinh-yeu-c0i,55,7,true,2018-09-12T03:06:49.598Z
15557,Su-khac-biet-giua-hai-gioi-va-cach-cai-thien-moi-quan-he-c05,72,4,true,2018-09-11T06:06:47.609Z
15548,Phu-nu-so-co-don-dan-ong-so-mat-the-dien-bzw,111,23,true,2018-09-10T13:33:25.478Z
15514,Tinh-yeu-dung-nen-la-mon-no-buu,39,4,false,2018-09-09T06:08:33.826Z
40451,Suc-manh-cua-Loi-Khen-v7n,200,18,true,2020-11-15T23:32:35.068Z
40281,Lam-nguoi-lon-kho-nhat-la-gi-v2x,226,19,true,2020-11-09T02:29:00.929Z
30648,Em-a-tham-thoi-dung-tham-qua-nnc,325,109,true,2020-04-20T13:00:07.809Z
28296,Dieu-gi-good-boy-nen-biet-khi-di-tan-gai-lu0,207,53,true,2020-03-01T10:46:48.473Z
20544,Xau-la-xau-khong-lang-nhang-fuo,304,55,true,2019-04-27T01:55:14.883Z
17709,Anh-ta-khong-co-hung-thu-voi-ban-dau-dnx,49,2,true,2018-12-14T15:44:37.930Z
16585,Day-con-kieu-Doc-Doan-va-nhung-he-qua-csp,47,4,true,2018-10-24T11:03:26.355Z
16418,Nhung-ky-nang-giao-tiep-don-gian-ma-hieu-qua-co2,141,6,true,2018-10-17T12:42:36.521Z
